Date,Maha_Lord,Antar_Lord,Prayant_Lord,Maha_Strength,Antar_Strength,Prayant_Strength,Auspiciousness,Inauspiciousness,Active_Status,Entity,Birth_Date
2019-03-29,Sun,Rahu,Moon,4.8,6.8,5.2,4.98,5.82,Active,"Lyft, Inc.",2019-03-29
2019-04-09,Sun,Rahu,Moon,4.8,6.8,5.2,4.98,5.82,Active,"Lyft, Inc.",2019-03-29
2019-05-02,Sun,Rahu,Jupiter,4.8,6.8,6.4,6.22,4.58,Active,"Lyft, Inc.",2019-03-29
2019-06-09,Sun,Jupiter,Jupiter,4.8,6.4,6.4,6.6,3.9,Active,"Lyft, Inc.",2019-03-29
2019-07-24,Sun,Jupiter,Saturn,4.8,6.4,4.8,4.78,5.92,Active,"Lyft, Inc.",2019-03-29
2019-09-02,Sun,Jupiter,Mercury,4.8,6.4,5.2,4.86,5.64,Active,"Lyft, Inc.",2019-03-29
2019-09-18,Sun,Jupiter,Ketu,4.8,6.4,6.8,6.18,4.52,Active,"Lyft, Inc.",2019-03-29
2019-11-05,Sun,Jupiter,Venus,4.8,6.4,5.2,4.36,6.14,Active,"Lyft, Inc.",2019-03-29
2019-11-19,Sun,Jupiter,Sun,4.8,6.4,4.8,6.28,4.42,Active,"Lyft, Inc.",2019-03-29
2019-12-13,Sun,Jupiter,Moon,4.8,6.4,5.2,6.36,4.14,Active,"Lyft, Inc.",2019-03-29
2019-12-29,Sun,Jupiter,Mars,4.8,6.4,5.2,6.36,4.34,Active,"Lyft, Inc.",2019-03-29
2020-02-14,Sun,Jupiter,Saturn,4.8,6.4,4.8,4.78,5.92,Active,"Lyft, Inc.",2019-03-29
2020-04-07,Sun,Saturn,Saturn,4.8,4.8,4.8,3.8,7.2,Active,"Lyft, Inc.",2019-03-29
2020-05-25,Sun,Saturn,Mercury,4.8,4.8,5.2,4.38,6.42,Active,"Lyft, Inc.",2019-03-29
2020-06-14,Sun,Saturn,Ketu,4.8,4.8,6.8,4.7,6.3,Active,"Lyft, Inc.",2019-03-29
2020-08-09,Sun,Saturn,Venus,4.8,4.8,5.2,3.88,6.92,Active,"Lyft, Inc.",2019-03-29
2020-08-26,Sun,Saturn,Sun,4.8,4.8,4.8,3.8,7.2,Active,"Lyft, Inc.",2019-03-29
2020-09-23,Sun,Saturn,Moon,4.8,4.8,5.2,3.88,6.92,Active,"Lyft, Inc.",2019-03-29
2020-10-12,Sun,Saturn,Mars,4.8,4.8,5.2,3.88,7.12,Active,"Lyft, Inc.",2019-03-29
2020-12-02,Sun,Saturn,Rahu,4.8,4.8,6.8,4.7,6.3,Active,"Lyft, Inc.",2019-03-29
2021-01-21,Sun,Saturn,Mercury,4.8,4.8,5.2,4.38,6.42,Active,"Lyft, Inc.",2019-03-29
2021-03-05,Sun,Mercury,Mercury,4.8,5.2,5.2,5.0,5.5,Active,"Lyft, Inc.",2019-03-29
2021-03-22,Sun,Mercury,Ketu,4.8,5.2,6.8,5.32,5.38,Active,"Lyft, Inc.",2019-03-29
2021-05-11,Sun,Mercury,Venus,4.8,5.2,5.2,4.5,6.0,Active,"Lyft, Inc.",2019-03-29
2021-05-26,Sun,Mercury,Sun,4.8,5.2,4.8,5.42,5.28,Active,"Lyft, Inc.",2019-03-29
2021-06-21,Sun,Mercury,Moon,4.8,5.2,5.2,4.5,6.0,Active,"Lyft, Inc.",2019-03-29
2021-07-08,Sun,Mercury,Mars,4.8,5.2,5.2,5.5,5.2,Active,"Lyft, Inc.",2019-03-29
2021-08-22,Sun,Mercury,Rahu,4.8,5.2,6.8,5.32,5.38,Active,"Lyft, Inc.",2019-03-29
2021-10-02,Sun,Mercury,Jupiter,4.8,5.2,6.4,5.74,4.76,Active,"Lyft, Inc.",2019-03-29
2021-11-23,Sun,Mercury,Ketu,4.8,5.2,6.8,5.32,5.38,Active,"Lyft, Inc.",2019-03-29
2021-11-30,Sun,Ketu,Ketu,4.8,6.8,6.8,5.8,5.2,Active,"Lyft, Inc.",2019-03-29
2021-12-21,Sun,Ketu,Venus,4.8,6.8,5.2,4.98,5.82,Active,"Lyft, Inc.",2019-03-29
2021-12-27,Sun,Ketu,Sun,4.8,6.8,4.8,4.9,6.1,Active,"Lyft, Inc.",2019-03-29
2022-01-06,Sun,Ketu,Moon,4.8,6.8,5.2,4.98,5.82,Active,"Lyft, Inc.",2019-03-29
2022-01-13,Sun,Ketu,Mars,4.8,6.8,5.2,6.48,4.52,Active,"Lyft, Inc.",2019-03-29
2022-02-01,Sun,Ketu,Rahu,4.8,6.8,6.8,5.8,5.2,Active,"Lyft, Inc.",2019-03-29
2022-02-18,Sun,Ketu,Jupiter,4.8,6.8,6.4,6.22,4.58,Active,"Lyft, Inc.",2019-03-29
2022-03-09,Sun,Ketu,Saturn,4.8,6.8,4.8,4.9,6.1,Active,"Lyft, Inc.",2019-03-29
2022-03-29,Sun,Ketu,Venus,4.8,6.8,5.2,4.98,5.82,Active,"Lyft, Inc.",2019-03-29
2022-05-27,Sun,Venus,Venus,4.8,5.2,5.2,4.0,6.5,Active,"Lyft, Inc.",2019-03-29
2022-06-14,Sun,Venus,Sun,4.8,5.2,4.8,3.92,6.78,Active,"Lyft, Inc.",2019-03-29
2022-07-13,Sun,Venus,Moon,4.8,5.2,5.2,4.0,6.5,Active,"Lyft, Inc.",2019-03-29
2022-08-03,Sun,Venus,Mars,4.8,5.2,5.2,4.5,6.2,Active,"Lyft, Inc.",2019-03-29
2022-09-25,Sun,Venus,Rahu,4.8,5.2,6.8,4.82,5.88,Active,"Lyft, Inc.",2019-03-29
2022-11-11,Sun,Venus,Jupiter,4.8,5.2,6.4,4.74,5.76,Active,"Lyft, Inc.",2019-03-29
2023-01-07,Sun,Venus,Saturn,4.8,5.2,4.8,3.92,6.78,Active,"Lyft, Inc.",2019-03-29
2023-02-26,Sun,Venus,Mercury,4.8,5.2,5.2,4.5,6.0,Active,"Lyft, Inc.",2019-03-29
2023-04-24,Sun,Moon,Moon,4.8,5.2,5.2,6.0,4.5,Active,"Lyft, Inc.",2019-03-29
2023-05-19,Moon,Moon,Moon,5.2,5.2,5.2,5.2,4.8,Active,"Lyft, Inc.",2019-03-29
2023-06-05,Moon,Moon,Mars,5.2,5.2,5.2,5.2,5.0,Active,"Lyft, Inc.",2019-03-29
2023-07-19,Moon,Moon,Rahu,5.2,5.2,6.8,5.52,4.68,Active,"Lyft, Inc.",2019-03-29
2023-08-28,Moon,Moon,Jupiter,5.2,5.2,6.4,5.44,4.56,Active,"Lyft, Inc.",2019-03-29
2023-10-14,Moon,Moon,Saturn,5.2,5.2,4.8,5.12,5.08,Active,"Lyft, Inc.",2019-03-29
2023-11-25,Moon,Moon,Mercury,5.2,5.2,5.2,6.2,3.8,Active,"Lyft, Inc.",2019-03-29
2023-12-12,Moon,Moon,Ketu,5.2,5.2,6.8,5.52,4.68,Active,"Lyft, Inc.",2019-03-29
2024-01-30,Moon,Moon,Venus,5.2,5.2,5.2,5.2,4.8,Active,"Lyft, Inc.",2019-03-29
2024-02-18,Moon,Moon,Mars,5.2,5.2,5.2,5.2,5.0,Active,"Lyft, Inc.",2019-03-29
2024-03-01,Moon,Mars,Mars,5.2,5.2,5.2,5.2,5.3,Active,"Lyft, Inc.",2019-03-29
2024-04-01,Moon,Mars,Rahu,5.2,5.2,6.8,5.52,4.98,Active,"Lyft, Inc.",2019-03-29
2024-04-29,Moon,Mars,Jupiter,5.2,5.2,6.4,5.94,4.36,Active,"Lyft, Inc.",2019-03-29
2024-06-01,Moon,Mars,Saturn,5.2,5.2,4.8,5.12,5.38,Active,"Lyft, Inc.",2019-03-29
2024-06-30,Moon,Mars,Mercury,5.2,5.2,5.2,4.7,5.6,Active,"Lyft, Inc.",2019-03-29
2024-07-12,Moon,Mars,Ketu,5.2,5.2,6.8,5.52,4.98,Active,"Lyft, Inc.",2019-03-29
2024-08-15,Moon,Mars,Venus,5.2,5.2,5.2,5.2,5.1,Active,"Lyft, Inc.",2019-03-29
2024-08-26,Moon,Mars,Sun,5.2,5.2,4.8,6.12,4.38,Active,"Lyft, Inc.",2019-03-29
2024-09-15,Moon,Mars,Rahu,5.2,5.2,6.8,5.52,4.98,Active,"Lyft, Inc.",2019-03-29
2024-12-04,Moon,Rahu,Rahu,5.2,6.8,6.8,6.0,4.5,Active,"Lyft, Inc.",2019-03-29
2025-02-13,Moon,Rahu,Jupiter,5.2,6.8,6.4,5.92,4.38,Active,"Lyft, Inc.",2019-03-29
2025-05-08,Moon,Rahu,Saturn,5.2,6.8,4.8,6.1,4.4,Active,"Lyft, Inc.",2019-03-29
2025-07-23,Moon,Rahu,Mercury,5.2,6.8,5.2,6.18,4.12,Active,"Lyft, Inc.",2019-03-29
2025-08-23,Moon,Rahu,Ketu,5.2,6.8,6.8,6.0,4.5,Active,"Lyft, Inc.",2019-03-29
2025-11-19,Moon,Rahu,Venus,5.2,6.8,5.2,5.68,4.62,Active,"Lyft, Inc.",2019-03-29
2025-12-16,Moon,Rahu,Sun,5.2,6.8,4.8,5.1,5.4,Active,"Lyft, Inc.",2019-03-29
2026-01-29,Moon,Rahu,Moon,5.2,6.8,5.2,5.18,5.12,Active,"Lyft, Inc.",2019-03-29
2026-03-09,Moon,Rahu,Jupiter,5.2,6.8,6.4,5.92,4.38,Active,"Lyft, Inc.",2019-03-29
2026-05-11,Moon,Jupiter,Jupiter,5.2,6.4,6.4,5.8,4.2,Active,"Lyft, Inc.",2019-03-29
2026-07-25,Moon,Jupiter,Saturn,5.2,6.4,4.8,5.48,4.72,Active,"Lyft, Inc.",2019-03-29
2026-09-30,Moon,Jupiter,Mercury,5.2,6.4,5.2,5.06,4.94,Active,"Lyft, Inc.",2019-03-29
2026-10-28,Moon,Jupiter,Ketu,5.2,6.4,6.8,5.88,4.32,Active,"Lyft, Inc.",2019-03-29
2027-01-14,Moon,Jupiter,Venus,5.2,6.4,5.2,5.06,4.94,Active,"Lyft, Inc.",2019-03-29
2027-02-07,Moon,Jupiter,Sun,5.2,6.4,4.8,6.48,3.72,Active,"Lyft, Inc.",2019-03-29
2027-03-19,Moon,Jupiter,Moon,5.2,6.4,5.2,6.06,3.94,Active,"Lyft, Inc.",2019-03-29
2027-04-15,Moon,Jupiter,Mars,5.2,6.4,5.2,6.06,4.14,Active,"Lyft, Inc.",2019-03-29
2027-07-02,Moon,Jupiter,Saturn,5.2,6.4,4.8,5.48,4.72,Active,"Lyft, Inc.",2019-03-29
2027-09-29,Moon,Saturn,Saturn,5.2,4.8,4.8,5.0,5.5,Active,"Lyft, Inc.",2019-03-29
2027-12-17,Moon,Saturn,Mercury,5.2,4.8,5.2,6.08,4.22,Active,"Lyft, Inc.",2019-03-29
2028-01-19,Moon,Saturn,Ketu,5.2,4.8,6.8,5.4,5.1,Active,"Lyft, Inc.",2019-03-29
2028-04-22,Moon,Saturn,Venus,5.2,4.8,5.2,5.58,4.72,Active,"Lyft, Inc.",2019-03-29
2028-05-20,Moon,Saturn,Sun,5.2,4.8,4.8,4.5,6.0,Active,"Lyft, Inc.",2019-03-29
2028-07-06,Moon,Saturn,Moon,5.2,4.8,5.2,4.58,5.72,Active,"Lyft, Inc.",2019-03-29
2028-08-08,Moon,Saturn,Mars,5.2,4.8,5.2,4.58,5.92,Active,"Lyft, Inc.",2019-03-29
2028-10-31,Moon,Saturn,Rahu,5.2,4.8,6.8,5.4,5.1,Active,"Lyft, Inc.",2019-03-29
2029-01-22,Moon,Saturn,Mercury,5.2,4.8,5.2,6.08,4.22,Active,"Lyft, Inc.",2019-03-29
2029-04-03,Moon,Mercury,Mercury,5.2,5.2,5.2,6.2,3.8,Active,"Lyft, Inc.",2019-03-29
2029-05-02,Moon,Mercury,Ketu,5.2,5.2,6.8,6.02,4.18,Active,"Lyft, Inc.",2019-03-29
2029-07-25,Moon,Mercury,Venus,5.2,5.2,5.2,6.2,3.8,Active,"Lyft, Inc.",2019-03-29
2029-08-19,Moon,Mercury,Sun,5.2,5.2,4.8,6.12,4.08,Active,"Lyft, Inc.",2019-03-29
2029-09-30,Moon,Mercury,Moon,5.2,5.2,5.2,4.7,5.3,Active,"Lyft, Inc.",2019-03-29
2029-10-29,Moon,Mercury,Mars,5.2,5.2,5.2,5.7,4.5,Active,"Lyft, Inc.",2019-03-29
2030-01-13,Moon,Mercury,Rahu,5.2,5.2,6.8,6.02,4.18,Active,"Lyft, Inc.",2019-03-29
2030-03-21,Moon,Mercury,Jupiter,5.2,5.2,6.4,5.94,4.06,Active,"Lyft, Inc.",2019-03-29
2030-06-16,Moon,Mercury,Ketu,5.2,5.2,6.8,6.02,4.18,Active,"Lyft, Inc.",2019-03-29
2030-06-28,Moon,Ketu,Ketu,5.2,6.8,6.8,6.0,4.5,Active,"Lyft, Inc.",2019-03-29
2030-08-01,Moon,Ketu,Venus,5.2,6.8,5.2,5.68,4.62,Active,"Lyft, Inc.",2019-03-29
2030-08-12,Moon,Ketu,Sun,5.2,6.8,4.8,5.1,5.4,Active,"Lyft, Inc.",2019-03-29
2030-08-29,Moon,Ketu,Moon,5.2,6.8,5.2,5.18,5.12,Active,"Lyft, Inc.",2019-03-29
2030-09-10,Moon,Ketu,Mars,5.2,6.8,5.2,6.18,4.32,Active,"Lyft, Inc.",2019-03-29
2030-10-11,Moon,Ketu,Rahu,5.2,6.8,6.8,6.0,4.5,Active,"Lyft, Inc.",2019-03-29
2030-11-08,Moon,Ketu,Jupiter,5.2,6.8,6.4,5.92,4.38,Active,"Lyft, Inc.",2019-03-29
2030-12-10,Moon,Ketu,Saturn,5.2,6.8,4.8,5.6,4.9,Active,"Lyft, Inc.",2019-03-29
2031-01-12,Moon,Ketu,Venus,5.2,6.8,5.2,5.68,4.62,Active,"Lyft, Inc.",2019-03-29
2031-04-20,Moon,Venus,Venus,5.2,5.2,5.2,5.2,4.8,Active,"Lyft, Inc.",2019-03-29
2031-05-20,Moon,Venus,Sun,5.2,5.2,4.8,4.62,5.58,Active,"Lyft, Inc.",2019-03-29
2031-07-08,Moon,Venus,Moon,5.2,5.2,5.2,4.7,5.3,Active,"Lyft, Inc.",2019-03-29
2031-08-12,Moon,Venus,Mars,5.2,5.2,5.2,5.2,5.0,Active,"Lyft, Inc.",2019-03-29
2031-11-08,Moon,Venus,Rahu,5.2,5.2,6.8,5.52,4.68,Active,"Lyft, Inc.",2019-03-29
2032-01-26,Moon,Venus,Jupiter,5.2,5.2,6.4,5.44,4.56,Active,"Lyft, Inc.",2019-03-29
2032-04-29,Moon,Venus,Saturn,5.2,5.2,4.8,5.62,4.58,Active,"Lyft, Inc.",2019-03-29
2032-07-22,Moon,Venus,Mercury,5.2,5.2,5.2,6.2,3.8,Active,"Lyft, Inc.",2019-03-29
2032-09-03,Moon,Venus,Sun,5.2,5.2,4.8,4.62,5.58,Active,"Lyft, Inc.",2019-03-29
2032-09-12,Moon,Sun,Sun,5.2,4.8,4.8,6.0,4.5,Active,"Lyft, Inc.",2019-03-29
2032-09-26,Moon,Sun,Moon,5.2,4.8,5.2,6.08,4.22,Active,"Lyft, Inc.",2019-03-29
2032-10-07,Moon,Sun,Mars,5.2,4.8,5.2,6.08,4.42,Active,"Lyft, Inc.",2019-03-29
2032-11-02,Moon,Sun,Rahu,5.2,4.8,6.8,5.9,4.6,Active,"Lyft, Inc.",2019-03-29
2032-11-26,Moon,Sun,Jupiter,5.2,4.8,6.4,6.32,3.98,Active,"Lyft, Inc.",2019-03-29
2032-12-24,Moon,Sun,Saturn,5.2,4.8,4.8,4.5,6.0,Active,"Lyft, Inc.",2019-03-29
2033-01-18,Moon,Sun,Mercury,5.2,4.8,5.2,6.08,4.22,Active,"Lyft, Inc.",2019-03-29
2033-01-29,Moon,Sun,Ketu,5.2,4.8,6.8,5.9,4.6,Active,"Lyft, Inc.",2019-03-29
2033-04-23,Moon,Mars,Mars,5.2,5.2,5.2,5.2,5.3,Active,"Lyft, Inc.",2019-03-29
2033-05-02,Mars,Mars,Mars,5.2,5.2,5.2,5.2,5.8,Active,"Lyft, Inc.",2019-03-29
2033-05-23,Mars,Mars,Rahu,5.2,5.2,6.8,5.52,5.48,Active,"Lyft, Inc.",2019-03-29
2033-06-12,Mars,Mars,Jupiter,5.2,5.2,6.4,6.44,4.36,Active,"Lyft, Inc.",2019-03-29
2033-07-05,Mars,Mars,Saturn,5.2,5.2,4.8,5.12,5.88,Active,"Lyft, Inc.",2019-03-29
2033-07-25,Mars,Mars,Mercury,5.2,5.2,5.2,4.2,6.6,Active,"Lyft, Inc.",2019-03-29
2033-08-03,Mars,Mars,Ketu,5.2,5.2,6.8,5.52,5.48,Active,"Lyft, Inc.",2019-03-29
2033-08-27,Mars,Mars,Venus,5.2,5.2,5.2,5.2,5.6,Active,"Lyft, Inc.",2019-03-29
2033-09-03,Mars,Mars,Sun,5.2,5.2,4.8,6.12,4.88,Active,"Lyft, Inc.",2019-03-29
2033-09-17,Mars,Mars,Rahu,5.2,5.2,6.8,5.52,5.48,Active,"Lyft, Inc.",2019-03-29
2033-11-12,Mars,Rahu,Rahu,5.2,6.8,6.8,6.0,5.0,Active,"Lyft, Inc.",2019-03-29
2034-01-01,Mars,Rahu,Jupiter,5.2,6.8,6.4,6.42,4.38,Active,"Lyft, Inc.",2019-03-29
2034-03-01,Mars,Rahu,Saturn,5.2,6.8,4.8,6.1,4.9,Active,"Lyft, Inc.",2019-03-29
2034-04-23,Mars,Rahu,Mercury,5.2,6.8,5.2,5.18,5.62,Active,"Lyft, Inc.",2019-03-29
2034-05-14,Mars,Rahu,Ketu,5.2,6.8,6.8,6.0,5.0,Active,"Lyft, Inc.",2019-03-29
2034-07-15,Mars,Rahu,Venus,5.2,6.8,5.2,5.68,5.12,Active,"Lyft, Inc.",2019-03-29
2034-08-03,Mars,Rahu,Sun,5.2,6.8,4.8,5.1,5.9,Active,"Lyft, Inc.",2019-03-29
2034-09-03,Mars,Rahu,Moon,5.2,6.8,5.2,5.18,5.62,Active,"Lyft, Inc.",2019-03-29
2034-09-30,Mars,Rahu,Jupiter,5.2,6.8,6.4,6.42,4.38,Active,"Lyft, Inc.",2019-03-29
2034-11-13,Mars,Jupiter,Jupiter,5.2,6.4,6.4,6.8,3.7,Active,"Lyft, Inc.",2019-03-29
2035-01-05,Mars,Jupiter,Saturn,5.2,6.4,4.8,5.98,4.72,Active,"Lyft, Inc.",2019-03-29
2035-02-21,Mars,Jupiter,Mercury,5.2,6.4,5.2,4.56,5.94,Active,"Lyft, Inc.",2019-03-29
2035-03-12,Mars,Jupiter,Ketu,5.2,6.4,6.8,6.38,4.32,Active,"Lyft, Inc.",2019-03-29
2035-05-06,Mars,Jupiter,Venus,5.2,6.4,5.2,5.06,5.44,Active,"Lyft, Inc.",2019-03-29
2035-05-23,Mars,Jupiter,Sun,5.2,6.4,4.8,6.48,4.22,Active,"Lyft, Inc.",2019-03-29
2035-06-19,Mars,Jupiter,Moon,5.2,6.4,5.2,6.56,3.94,Active,"Lyft, Inc.",2019-03-29
2035-07-09,Mars,Jupiter,Mars,5.2,6.4,5.2,6.56,4.14,Active,"Lyft, Inc.",2019-03-29
2035-09-01,Mars,Jupiter,Saturn,5.2,6.4,4.8,5.98,4.72,Active,"Lyft, Inc.",2019-03-29
2035-11-03,Mars,Saturn,Saturn,5.2,4.8,4.8,5.0,6.0,Active,"Lyft, Inc.",2019-03-29
2035-12-28,Mars,Saturn,Mercury,5.2,4.8,5.2,4.58,6.22,Active,"Lyft, Inc.",2019-03-29
2036-01-20,Mars,Saturn,Ketu,5.2,4.8,6.8,5.4,5.6,Active,"Lyft, Inc.",2019-03-29
2036-03-26,Mars,Saturn,Venus,5.2,4.8,5.2,5.58,5.22,Active,"Lyft, Inc.",2019-03-29
2036-04-14,Mars,Saturn,Sun,5.2,4.8,4.8,4.5,6.5,Active,"Lyft, Inc.",2019-03-29
2036-05-17,Mars,Saturn,Moon,5.2,4.8,5.2,4.58,6.22,Active,"Lyft, Inc.",2019-03-29
2036-06-09,Mars,Saturn,Mars,5.2,4.8,5.2,4.58,6.42,Active,"Lyft, Inc.",2019-03-29
2036-08-07,Mars,Saturn,Rahu,5.2,4.8,6.8,5.4,5.6,Active,"Lyft, Inc.",2019-03-29
2036-10-04,Mars,Saturn,Mercury,5.2,4.8,5.2,4.58,6.22,Active,"Lyft, Inc.",2019-03-29
2036-11-23,Mars,Mercury,Mercury,5.2,5.2,5.2,4.2,6.3,Active,"Lyft, Inc.",2019-03-29
2036-12-14,Mars,Mercury,Ketu,5.2,5.2,6.8,5.02,5.68,Active,"Lyft, Inc.",2019-03-29
2037-02-10,Mars,Mercury,Venus,5.2,5.2,5.2,4.7,5.8,Active,"Lyft, Inc.",2019-03-29
2037-02-28,Mars,Mercury,Sun,5.2,5.2,4.8,6.12,4.58,Active,"Lyft, Inc.",2019-03-29
2037-03-29,Mars,Mercury,Moon,5.2,5.2,5.2,4.2,6.3,Active,"Lyft, Inc.",2019-03-29
2037-04-19,Mars,Mercury,Mars,5.2,5.2,5.2,4.7,6.0,Active,"Lyft, Inc.",2019-03-29
2037-06-11,Mars,Mercury,Rahu,5.2,5.2,6.8,5.02,5.68,Active,"Lyft, Inc.",2019-03-29
2037-07-27,Mars,Mercury,Jupiter,5.2,5.2,6.4,4.94,5.56,Active,"Lyft, Inc.",2019-03-29
2037-09-26,Mars,Mercury,Ketu,5.2,5.2,6.8,5.02,5.68,Active,"Lyft, Inc.",2019-03-29
2037-10-05,Mars,Ketu,Ketu,5.2,6.8,6.8,6.0,5.0,Active,"Lyft, Inc.",2019-03-29
2037-10-29,Mars,Ketu,Venus,5.2,6.8,5.2,5.68,5.12,Active,"Lyft, Inc.",2019-03-29
2037-11-05,Mars,Ketu,Sun,5.2,6.8,4.8,5.1,5.9,Active,"Lyft, Inc.",2019-03-29
2037-11-17,Mars,Ketu,Moon,5.2,6.8,5.2,5.18,5.62,Active,"Lyft, Inc.",2019-03-29
2037-11-26,Mars,Ketu,Mars,5.2,6.8,5.2,6.18,4.82,Active,"Lyft, Inc.",2019-03-29
2037-12-17,Mars,Ketu,Rahu,5.2,6.8,6.8,6.0,5.0,Active,"Lyft, Inc.",2019-03-29
2038-01-06,Mars,Ketu,Jupiter,5.2,6.8,6.4,6.42,4.38,Active,"Lyft, Inc.",2019-03-29
2038-01-29,Mars,Ketu,Saturn,5.2,6.8,4.8,5.6,5.4,Active,"Lyft, Inc.",2019-03-29
2038-02-20,Mars,Ketu,Venus,5.2,6.8,5.2,5.68,5.12,Active,"Lyft, Inc.",2019-03-29
2038-04-30,Mars,Venus,Venus,5.2,5.2,5.2,5.2,5.3,Active,"Lyft, Inc.",2019-03-29
2038-05-21,Mars,Venus,Sun,5.2,5.2,4.8,4.62,6.08,Active,"Lyft, Inc.",2019-03-29
2038-06-25,Mars,Venus,Moon,5.2,5.2,5.2,4.7,5.8,Active,"Lyft, Inc.",2019-03-29
2038-07-19,Mars,Venus,Mars,5.2,5.2,5.2,5.2,5.5,Active,"Lyft, Inc.",2019-03-29
2038-09-19,Mars,Venus,Rahu,5.2,5.2,6.8,5.52,5.18,Active,"Lyft, Inc.",2019-03-29
2038-11-13,Mars,Venus,Jupiter,5.2,5.2,6.4,5.94,4.56,Active,"Lyft, Inc.",2019-03-29
2039-01-18,Mars,Venus,Saturn,5.2,5.2,4.8,5.62,5.08,Active,"Lyft, Inc.",2019-03-29
2039-03-17,Mars,Venus,Mercury,5.2,5.2,5.2,4.7,5.8,Active,"Lyft, Inc.",2019-03-29
2039-04-16,Mars,Venus,Sun,5.2,5.2,4.8,4.62,6.08,Active,"Lyft, Inc.",2019-03-29
2039-04-23,Mars,Sun,Sun,5.2,4.8,4.8,6.0,5.0,Active,"Lyft, Inc.",2019-03-29
2039-05-03,Mars,Sun,Moon,5.2,4.8,5.2,6.08,4.72,Active,"Lyft, Inc.",2019-03-29
2039-05-10,Mars,Sun,Mars,5.2,4.8,5.2,6.08,4.92,Active,"Lyft, Inc.",2019-03-29
2039-05-29,Mars,Sun,Rahu,5.2,4.8,6.8,5.9,5.1,Active,"Lyft, Inc.",2019-03-29
2039-06-14,Mars,Sun,Jupiter,5.2,4.8,6.4,6.32,4.48,Active,"Lyft, Inc.",2019-03-29
2039-07-04,Mars,Sun,Saturn,5.2,4.8,4.8,4.5,6.5,Active,"Lyft, Inc.",2019-03-29
2039-07-22,Mars,Sun,Mercury,5.2,4.8,5.2,4.58,6.22,Active,"Lyft, Inc.",2019-03-29
2039-07-29,Mars,Sun,Ketu,5.2,4.8,6.8,5.9,5.1,Active,"Lyft, Inc.",2019-03-29
2039-08-20,Mars,Sun,Moon,5.2,4.8,5.2,6.08,4.72,Active,"Lyft, Inc.",2019-03-29
2039-09-07,Mars,Moon,Moon,5.2,5.2,5.2,6.2,4.3,Active,"Lyft, Inc.",2019-03-29
2039-09-19,Mars,Moon,Mars,5.2,5.2,5.2,5.7,5.0,Active,"Lyft, Inc.",2019-03-29
2039-10-20,Mars,Moon,Rahu,5.2,5.2,6.8,6.02,4.68,Active,"Lyft, Inc.",2019-03-29
2039-11-16,Mars,Moon,Jupiter,5.2,5.2,6.4,6.44,4.06,Active,"Lyft, Inc.",2019-03-29
2039-12-19,Mars,Moon,Saturn,5.2,5.2,4.8,5.62,5.08,Active,"Lyft, Inc.",2019-03-29
2040-01-17,Mars,Moon,Mercury,5.2,5.2,5.2,6.2,4.3,Active,"Lyft, Inc.",2019-03-29
2040-01-30,Mars,Moon,Ketu,5.2,5.2,6.8,6.02,4.68,Active,"Lyft, Inc.",2019-03-29
2040-03-04,Mars,Moon,Venus,5.2,5.2,5.2,5.7,4.8,Active,"Lyft, Inc.",2019-03-29
2040-04-23,Mars,Rahu,Rahu,5.2,6.8,6.8,6.0,5.0,Active,"Lyft, Inc.",2019-03-29
2040-09-14,Rahu,Rahu,Rahu,6.8,6.8,6.8,6.8,4.2,Active,"Lyft, Inc.",2019-03-29
2041-01-20,Rahu,Rahu,Jupiter,6.8,6.8,6.4,6.72,4.08,Active,"Lyft, Inc.",2019-03-29
2041-06-20,Rahu,Rahu,Saturn,6.8,6.8,4.8,7.4,3.6,Active,"Lyft, Inc.",2019-03-29
2041-11-03,Rahu,Rahu,Mercury,6.8,6.8,5.2,6.48,4.32,Active,"Lyft, Inc.",2019-03-29
2041-12-29,Rahu,Rahu,Ketu,6.8,6.8,6.8,6.8,4.2,Active,"Lyft, Inc.",2019-03-29
2042-06-07,Rahu,Rahu,Venus,6.8,6.8,5.2,6.48,4.32,Active,"Lyft, Inc.",2019-03-29
2042-07-24,Rahu,Rahu,Sun,6.8,6.8,4.8,5.4,5.6,Active,"Lyft, Inc.",2019-03-29
2042-10-12,Rahu,Rahu,Moon,6.8,6.8,5.2,5.48,5.32,Active,"Lyft, Inc.",2019-03-29
2042-12-21,Rahu,Rahu,Jupiter,6.8,6.8,6.4,6.72,4.08,Active,"Lyft, Inc.",2019-03-29
2043-04-14,Rahu,Jupiter,Jupiter,6.8,6.4,6.4,6.6,3.9,Active,"Lyft, Inc.",2019-03-29
2043-08-26,Rahu,Jupiter,Saturn,6.8,6.4,4.8,6.78,3.92,Active,"Lyft, Inc.",2019-03-29
2043-12-25,Rahu,Jupiter,Mercury,6.8,6.4,5.2,5.86,4.64,Active,"Lyft, Inc.",2019-03-29
2044-02-13,Rahu,Jupiter,Ketu,6.8,6.4,6.8,6.68,4.02,Active,"Lyft, Inc.",2019-03-29
2044-07-04,Rahu,Jupiter,Venus,6.8,6.4,5.2,5.86,4.64,Active,"Lyft, Inc.",2019-03-29
2044-08-15,Rahu,Jupiter,Sun,6.8,6.4,4.8,5.78,4.92,Active,"Lyft, Inc.",2019-03-29
2044-10-25,Rahu,Jupiter,Moon,6.8,6.4,5.2,5.86,4.64,Active,"Lyft, Inc.",2019-03-29
2044-12-14,Rahu,Jupiter,Mars,6.8,6.4,5.2,5.86,4.84,Active,"Lyft, Inc.",2019-03-29
2045-05-03,Rahu,Jupiter,Saturn,6.8,6.4,4.8,6.78,3.92,Active,"Lyft, Inc.",2019-03-29
2045-10-10,Rahu,Saturn,Saturn,6.8,4.8,4.8,6.8,4.2,Active,"Lyft, Inc.",2019-03-29
2046-03-02,Rahu,Saturn,Mercury,6.8,4.8,5.2,6.88,3.92,Active,"Lyft, Inc.",2019-03-29
2046-04-30,Rahu,Saturn,Ketu,6.8,4.8,6.8,6.7,4.3,Active,"Lyft, Inc.",2019-03-29
2046-10-16,Rahu,Saturn,Venus,6.8,4.8,5.2,6.88,3.92,Active,"Lyft, Inc.",2019-03-29
2046-12-05,Rahu,Saturn,Sun,6.8,4.8,4.8,4.8,6.2,Active,"Lyft, Inc.",2019-03-29
2047-02-28,Rahu,Saturn,Moon,6.8,4.8,5.2,4.88,5.92,Active,"Lyft, Inc.",2019-03-29
2047-04-28,Rahu,Saturn,Mars,6.8,4.8,5.2,4.88,6.12,Active,"Lyft, Inc.",2019-03-29
2047-09-26,Rahu,Saturn,Rahu,6.8,4.8,6.8,6.7,4.3,Active,"Lyft, Inc.",2019-03-29
2048-02-23,Rahu,Saturn,Mercury,6.8,4.8,5.2,6.88,3.92,Active,"Lyft, Inc.",2019-03-29
2048-06-30,Rahu,Mercury,Mercury,6.8,5.2,5.2,6.0,4.5,Active,"Lyft, Inc.",2019-03-29
2048-08-22,Rahu,Mercury,Ketu,6.8,5.2,6.8,6.32,4.38,Active,"Lyft, Inc.",2019-03-29
2049-01-20,Rahu,Mercury,Venus,6.8,5.2,5.2,6.5,4.0,Active,"Lyft, Inc.",2019-03-29
2049-03-06,Rahu,Mercury,Sun,6.8,5.2,4.8,5.42,5.28,Active,"Lyft, Inc.",2019-03-29
2049-05-20,Rahu,Mercury,Moon,6.8,5.2,5.2,5.0,5.5,Active,"Lyft, Inc.",2019-03-29
2049-07-12,Rahu,Mercury,Mars,6.8,5.2,5.2,5.5,5.2,Active,"Lyft, Inc.",2019-03-29
2049-11-25,Rahu,Mercury,Rahu,6.8,5.2,6.8,6.32,4.38,Active,"Lyft, Inc.",2019-03-29
2050-03-25,Rahu,Mercury,Jupiter,6.8,5.2,6.4,6.24,4.26,Active,"Lyft, Inc.",2019-03-29
2050-08-29,Rahu,Mercury,Ketu,6.8,5.2,6.8,6.32,4.38,Active,"Lyft, Inc.",2019-03-29
2050-09-20,Rahu,Ketu,Ketu,6.8,6.8,6.8,6.8,4.2,Active,"Lyft, Inc.",2019-03-29
2050-11-21,Rahu,Ketu,Venus,6.8,6.8,5.2,6.48,4.32,Active,"Lyft, Inc.",2019-03-29
2050-12-09,Rahu,Ketu,Sun,6.8,6.8,4.8,5.4,5.6,Active,"Lyft, Inc.",2019-03-29
2051-01-09,Rahu,Ketu,Moon,6.8,6.8,5.2,5.48,5.32,Active,"Lyft, Inc.",2019-03-29
2051-01-31,Rahu,Ketu,Mars,6.8,6.8,5.2,5.98,5.02,Active,"Lyft, Inc.",2019-03-29
2051-03-28,Rahu,Ketu,Rahu,6.8,6.8,6.8,6.8,4.2,Active,"Lyft, Inc.",2019-03-29
2051-05-17,Rahu,Ketu,Jupiter,6.8,6.8,6.4,6.72,4.08,Active,"Lyft, Inc.",2019-03-29
2051-07-15,Rahu,Ketu,Saturn,6.8,6.8,4.8,6.9,4.1,Active,"Lyft, Inc.",2019-03-29
2051-09-11,Rahu,Ketu,Venus,6.8,6.8,5.2,6.48,4.32,Active,"Lyft, Inc.",2019-03-29
2052-03-06,Rahu,Venus,Venus,6.8,5.2,5.2,6.0,4.5,Active,"Lyft, Inc.",2019-03-29
2052-04-28,Rahu,Venus,Sun,6.8,5.2,4.8,4.92,5.78,Active,"Lyft, Inc.",2019-03-29
2052-07-26,Rahu,Venus,Moon,6.8,5.2,5.2,5.0,5.5,Active,"Lyft, Inc.",2019-03-29
2052-09-26,Rahu,Venus,Mars,6.8,5.2,5.2,5.5,5.2,Active,"Lyft, Inc.",2019-03-29
2053-03-05,Rahu,Venus,Rahu,6.8,5.2,6.8,6.32,4.38,Active,"Lyft, Inc.",2019-03-29
2053-07-25,Rahu,Venus,Jupiter,6.8,5.2,6.4,6.24,4.26,Active,"Lyft, Inc.",2019-03-29
2054-01-09,Rahu,Venus,Saturn,6.8,5.2,4.8,6.92,3.78,Active,"Lyft, Inc.",2019-03-29
2054-06-09,Rahu,Venus,Mercury,6.8,5.2,5.2,6.5,4.0,Active,"Lyft, Inc.",2019-03-29
2054-08-26,Rahu,Venus,Sun,6.8,5.2,4.8,4.92,5.78,Active,"Lyft, Inc.",2019-03-29
2054-09-11,Rahu,Sun,Sun,6.8,4.8,4.8,4.8,6.2,Active,"Lyft, Inc.",2019-03-29
2054-10-07,Rahu,Sun,Moon,6.8,4.8,5.2,4.88,5.92,Active,"Lyft, Inc.",2019-03-29
2054-10-26,Rahu,Sun,Mars,6.8,4.8,5.2,4.88,6.12,Active,"Lyft, Inc.",2019-03-29
2054-12-13,Rahu,Sun,Rahu,6.8,4.8,6.8,5.7,5.3,Active,"Lyft, Inc.",2019-03-29
2055-01-24,Rahu,Sun,Jupiter,6.8,4.8,6.4,5.62,5.18,Active,"Lyft, Inc.",2019-03-29
2055-03-16,Rahu,Sun,Saturn,6.8,4.8,4.8,4.8,6.2,Active,"Lyft, Inc.",2019-03-29
2055-04-30,Rahu,Sun,Mercury,6.8,4.8,5.2,5.38,5.42,Active,"Lyft, Inc.",2019-03-29
2055-05-19,Rahu,Sun,Ketu,6.8,4.8,6.8,5.7,5.3,Active,"Lyft, Inc.",2019-03-29
2055-07-16,Rahu,Sun,Moon,6.8,4.8,5.2,4.88,5.92,Active,"Lyft, Inc.",2019-03-29
2055-08-29,Rahu,Moon,Moon,6.8,5.2,5.2,5.0,5.5,Active,"Lyft, Inc.",2019-03-29
2055-09-29,Rahu,Moon,Mars,6.8,5.2,5.2,5.0,5.7,Active,"Lyft, Inc.",2019-03-29
2055-12-18,Rahu,Moon,Rahu,6.8,5.2,6.8,5.82,4.88,Active,"Lyft, Inc.",2019-03-29
2056-02-27,Rahu,Moon,Jupiter,6.8,5.2,6.4,5.74,4.76,Active,"Lyft, Inc.",2019-03-29
2056-05-21,Rahu,Moon,Saturn,6.8,5.2,4.8,5.42,5.28,Active,"Lyft, Inc.",2019-03-29
2056-08-05,Rahu,Moon,Mercury,6.8,5.2,5.2,5.5,5.0,Active,"Lyft, Inc.",2019-03-29
2056-09-05,Rahu,Moon,Ketu,6.8,5.2,6.8,5.82,4.88,Active,"Lyft, Inc.",2019-03-29
2056-12-02,Rahu,Moon,Venus,6.8,5.2,5.2,5.5,5.0,Active,"Lyft, Inc.",2019-03-29
2057-01-06,Rahu,Moon,Mars,6.8,5.2,5.2,5.0,5.7,Active,"Lyft, Inc.",2019-03-29
2057-01-27,Rahu,Mars,Mars,6.8,5.2,5.2,5.0,6.0,Active,"Lyft, Inc.",2019-03-29
2057-03-24,Rahu,Mars,Rahu,6.8,5.2,6.8,5.82,5.18,Active,"Lyft, Inc.",2019-03-29
2057-05-13,Rahu,Mars,Jupiter,6.8,5.2,6.4,5.74,5.06,Active,"Lyft, Inc.",2019-03-29
2057-07-11,Rahu,Mars,Saturn,6.8,5.2,4.8,5.42,5.58,Active,"Lyft, Inc.",2019-03-29
2057-09-02,Rahu,Mars,Mercury,6.8,5.2,5.2,5.0,5.8,Active,"Lyft, Inc.",2019-03-29
2057-09-23,Rahu,Mars,Ketu,6.8,5.2,6.8,5.82,5.18,Active,"Lyft, Inc.",2019-03-29
2057-11-25,Rahu,Mars,Venus,6.8,5.2,5.2,5.5,5.3,Active,"Lyft, Inc.",2019-03-29
2057-12-13,Rahu,Mars,Sun,6.8,5.2,4.8,4.92,6.08,Active,"Lyft, Inc.",2019-03-29
2058-04-23,Rahu,Jupiter,Jupiter,6.8,6.4,6.4,6.6,3.9,Active,"Lyft, Inc.",2019-03-29
2058-08-02,Jupiter,Jupiter,Jupiter,6.4,6.4,6.4,6.4,3.6,Active,"Lyft, Inc.",2019-03-29
2058-11-30,Jupiter,Jupiter,Saturn,6.4,6.4,4.8,6.08,4.12,Active,"Lyft, Inc.",2019-03-29
2059-03-17,Jupiter,Jupiter,Mercury,6.4,6.4,5.2,5.16,4.84,Active,"Lyft, Inc.",2019-03-29
2059-04-30,Jupiter,Jupiter,Ketu,6.4,6.4,6.8,6.48,3.72,Active,"Lyft, Inc.",2019-03-29
2059-09-03,Jupiter,Jupiter,Venus,6.4,6.4,5.2,5.16,4.84,Active,"Lyft, Inc.",2019-03-29
2059-10-11,Jupiter,Jupiter,Sun,6.4,6.4,4.8,7.08,3.12,Active,"Lyft, Inc.",2019-03-29
2059-12-13,Jupiter,Jupiter,Moon,6.4,6.4,5.2,7.16,2.84,Active,"Lyft, Inc.",2019-03-29
2060-01-27,Jupiter,Jupiter,Mars,6.4,6.4,5.2,7.16,3.04,Active,"Lyft, Inc.",2019-03-29
2060-05-30,Jupiter,Jupiter,Saturn,6.4,6.4,4.8,6.08,4.12,Active,"Lyft, Inc.",2019-03-29
2060-10-19,Jupiter,Saturn,Saturn,6.4,4.8,4.8,5.6,4.9,Active,"Lyft, Inc.",2019-03-29
2061-02-24,Jupiter,Saturn,Mercury,6.4,4.8,5.2,5.18,5.12,Active,"Lyft, Inc.",2019-03-29
2061-04-17,Jupiter,Saturn,Ketu,6.4,4.8,6.8,6.0,4.5,Active,"Lyft, Inc.",2019-03-29
2061-09-14,Jupiter,Saturn,Venus,6.4,4.8,5.2,5.18,5.12,Active,"Lyft, Inc.",2019-03-29
2061-10-29,Jupiter,Saturn,Sun,6.4,4.8,4.8,5.1,5.4,Active,"Lyft, Inc.",2019-03-29
2062-01-12,Jupiter,Saturn,Moon,6.4,4.8,5.2,5.18,5.12,Active,"Lyft, Inc.",2019-03-29
2062-03-05,Jupiter,Saturn,Mars,6.4,4.8,5.2,5.18,5.32,Active,"Lyft, Inc.",2019-03-29
2062-07-18,Jupiter,Saturn,Rahu,6.4,4.8,6.8,6.0,4.5,Active,"Lyft, Inc.",2019-03-29
2062-11-28,Jupiter,Saturn,Mercury,6.4,4.8,5.2,5.18,5.12,Active,"Lyft, Inc.",2019-03-29
2063-03-22,Jupiter,Mercury,Mercury,6.4,5.2,5.2,4.8,5.2,Active,"Lyft, Inc.",2019-03-29
2063-05-08,Jupiter,Mercury,Ketu,6.4,5.2,6.8,5.62,4.58,Active,"Lyft, Inc.",2019-03-29
2063-09-19,Jupiter,Mercury,Venus,6.4,5.2,5.2,4.8,5.2,Active,"Lyft, Inc.",2019-03-29
2063-10-29,Jupiter,Mercury,Sun,6.4,5.2,4.8,6.72,3.48,Active,"Lyft, Inc.",2019-03-29
2064-01-04,Jupiter,Mercury,Moon,6.4,5.2,5.2,4.8,5.2,Active,"Lyft, Inc.",2019-03-29
2064-02-20,Jupiter,Mercury,Mars,6.4,5.2,5.2,5.3,4.9,Active,"Lyft, Inc.",2019-03-29
2064-06-20,Jupiter,Mercury,Rahu,6.4,5.2,6.8,5.62,4.58,Active,"Lyft, Inc.",2019-03-29
2064-10-05,Jupiter,Mercury,Jupiter,6.4,5.2,6.4,5.54,4.46,Active,"Lyft, Inc.",2019-03-29
2065-02-21,Jupiter,Mercury,Ketu,6.4,5.2,6.8,5.62,4.58,Active,"Lyft, Inc.",2019-03-29
2065-03-12,Jupiter,Ketu,Ketu,6.4,6.8,6.8,6.6,3.9,Active,"Lyft, Inc.",2019-03-29
2065-05-07,Jupiter,Ketu,Venus,6.4,6.8,5.2,5.78,4.52,Active,"Lyft, Inc.",2019-03-29
2065-05-23,Jupiter,Ketu,Sun,6.4,6.8,4.8,5.7,4.8,Active,"Lyft, Inc.",2019-03-29
2065-06-20,Jupiter,Ketu,Moon,6.4,6.8,5.2,5.78,4.52,Active,"Lyft, Inc.",2019-03-29
2065-07-09,Jupiter,Ketu,Mars,6.4,6.8,5.2,7.28,3.22,Active,"Lyft, Inc.",2019-03-29
2065-08-28,Jupiter,Ketu,Rahu,6.4,6.8,6.8,6.6,3.9,Active,"Lyft, Inc.",2019-03-29
2065-10-11,Jupiter,Ketu,Jupiter,6.4,6.8,6.4,6.52,3.78,Active,"Lyft, Inc.",2019-03-29
2065-12-02,Jupiter,Ketu,Saturn,6.4,6.8,4.8,6.2,4.3,Active,"Lyft, Inc.",2019-03-29
2066-01-23,Jupiter,Ketu,Venus,6.4,6.8,5.2,5.78,4.52,Active,"Lyft, Inc.",2019-03-29
2066-06-30,Jupiter,Venus,Venus,6.4,5.2,5.2,4.8,5.2,Active,"Lyft, Inc.",2019-03-29
2066-08-16,Jupiter,Venus,Sun,6.4,5.2,4.8,4.72,5.48,Active,"Lyft, Inc.",2019-03-29
2066-11-03,Jupiter,Venus,Moon,6.4,5.2,5.2,4.8,5.2,Active,"Lyft, Inc.",2019-03-29
2066-12-28,Jupiter,Venus,Mars,6.4,5.2,5.2,5.3,4.9,Active,"Lyft, Inc.",2019-03-29
2067-05-19,Jupiter,Venus,Rahu,6.4,5.2,6.8,5.62,4.58,Active,"Lyft, Inc.",2019-03-29
2067-09-22,Jupiter,Venus,Jupiter,6.4,5.2,6.4,5.54,4.46,Active,"Lyft, Inc.",2019-03-29
2068-02-19,Jupiter,Venus,Saturn,6.4,5.2,4.8,5.22,4.98,Active,"Lyft, Inc.",2019-03-29
2068-07-02,Jupiter,Venus,Mercury,6.4,5.2,5.2,4.8,5.2,Active,"Lyft, Inc.",2019-03-29
2068-09-09,Jupiter,Venus,Sun,6.4,5.2,4.8,4.72,5.48,Active,"Lyft, Inc.",2019-03-29
2068-09-23,Jupiter,Sun,Sun,6.4,4.8,4.8,6.6,3.9,Active,"Lyft, Inc.",2019-03-29
2068-10-17,Jupiter,Sun,Moon,6.4,4.8,5.2,6.68,3.62,Active,"Lyft, Inc.",2019-03-29
2068-11-03,Jupiter,Sun,Mars,6.4,4.8,5.2,6.68,3.82,Active,"Lyft, Inc.",2019-03-29
2068-12-15,Jupiter,Sun,Rahu,6.4,4.8,6.8,6.5,4.0,Active,"Lyft, Inc.",2019-03-29
2069-01-22,Jupiter,Sun,Jupiter,6.4,4.8,6.4,6.92,3.38,Active,"Lyft, Inc.",2019-03-29
2069-03-08,Jupiter,Sun,Saturn,6.4,4.8,4.8,5.1,5.4,Active,"Lyft, Inc.",2019-03-29
2069-04-17,Jupiter,Sun,Mercury,6.4,4.8,5.2,5.18,5.12,Active,"Lyft, Inc.",2019-03-29
2069-05-04,Jupiter,Sun,Ketu,6.4,4.8,6.8,6.5,4.0,Active,"Lyft, Inc.",2019-03-29
2069-06-24,Jupiter,Sun,Moon,6.4,4.8,5.2,6.68,3.62,Active,"Lyft, Inc.",2019-03-29
2069-08-03,Jupiter,Moon,Moon,6.4,5.2,5.2,6.8,3.2,Active,"Lyft, Inc.",2019-03-29
2069-08-30,Jupiter,Moon,Mars,6.4,5.2,5.2,6.8,3.4,Active,"Lyft, Inc.",2019-03-29
2069-11-09,Jupiter,Moon,Rahu,6.4,5.2,6.8,6.62,3.58,Active,"Lyft, Inc.",2019-03-29
2070-01-11,Jupiter,Moon,Jupiter,6.4,5.2,6.4,6.54,3.46,Active,"Lyft, Inc.",2019-03-29
2070-03-27,Jupiter,Moon,Saturn,6.4,5.2,4.8,6.22,3.98,Active,"Lyft, Inc.",2019-03-29
2070-06-02,Jupiter,Moon,Mercury,6.4,5.2,5.2,6.8,3.2,Active,"Lyft, Inc.",2019-03-29
2070-06-30,Jupiter,Moon,Ketu,6.4,5.2,6.8,6.62,3.58,Active,"Lyft, Inc.",2019-03-29
2070-09-17,Jupiter,Moon,Venus,6.4,5.2,5.2,5.3,4.7,Active,"Lyft, Inc.",2019-03-29
2070-10-17,Jupiter,Moon,Mars,6.4,5.2,5.2,6.8,3.4,Active,"Lyft, Inc.",2019-03-29
2070-11-05,Jupiter,Mars,Mars,6.4,5.2,5.2,6.8,3.7,Active,"Lyft, Inc.",2019-03-29
2070-12-25,Jupiter,Mars,Rahu,6.4,5.2,6.8,6.62,3.88,Active,"Lyft, Inc.",2019-03-29
2071-02-07,Jupiter,Mars,Jupiter,6.4,5.2,6.4,7.04,3.26,Active,"Lyft, Inc.",2019-03-29
2071-04-01,Jupiter,Mars,Saturn,6.4,5.2,4.8,6.22,4.28,Active,"Lyft, Inc.",2019-03-29
2071-05-18,Jupiter,Mars,Mercury,6.4,5.2,5.2,4.8,5.5,Active,"Lyft, Inc.",2019-03-29
2071-06-06,Jupiter,Mars,Ketu,6.4,5.2,6.8,6.62,3.88,Active,"Lyft, Inc.",2019-03-29
2071-07-31,Jupiter,Mars,Venus,6.4,5.2,5.2,5.3,5.0,Active,"Lyft, Inc.",2019-03-29
2071-08-17,Jupiter,Mars,Sun,6.4,5.2,4.8,6.72,3.78,Active,"Lyft, Inc.",2019-03-29
2071-09-18,Jupiter,Mars,Rahu,6.4,5.2,6.8,6.62,3.88,Active,"Lyft, Inc.",2019-03-29
2072-01-24,Jupiter,Rahu,Rahu,6.4,6.8,6.8,6.6,3.9,Active,"Lyft, Inc.",2019-03-29
2072-05-16,Jupiter,Rahu,Jupiter,6.4,6.8,6.4,6.52,3.78,Active,"Lyft, Inc.",2019-03-29
2072-09-28,Jupiter,Rahu,Saturn,6.4,6.8,4.8,6.7,3.8,Active,"Lyft, Inc.",2019-03-29
2073-01-27,Jupiter,Rahu,Mercury,6.4,6.8,5.2,5.78,4.52,Active,"Lyft, Inc.",2019-03-29
2073-03-18,Jupiter,Rahu,Ketu,6.4,6.8,6.8,6.6,3.9,Active,"Lyft, Inc.",2019-03-29
2073-08-07,Jupiter,Rahu,Venus,6.4,6.8,5.2,5.78,4.52,Active,"Lyft, Inc.",2019-03-29
2073-09-18,Jupiter,Rahu,Sun,6.4,6.8,4.8,5.7,4.8,Active,"Lyft, Inc.",2019-03-29
2073-11-28,Jupiter,Rahu,Moon,6.4,6.8,5.2,5.78,4.52,Active,"Lyft, Inc.",2019-03-29
2074-04-23,Jupiter,Saturn,Saturn,6.4,4.8,4.8,5.6,4.9,Active,"Lyft, Inc.",2019-03-29
2074-10-09,Saturn,Saturn,Saturn,4.8,4.8,4.8,4.8,6.2,Active,"Lyft, Inc.",2019-03-29
2075-03-09,Saturn,Saturn,Mercury,4.8,4.8,5.2,5.88,4.92,Active,"Lyft, Inc.",2019-03-29
2075-05-11,Saturn,Saturn,Ketu,4.8,4.8,6.8,5.2,5.8,Active,"Lyft, Inc.",2019-03-29
2075-11-05,Saturn,Saturn,Venus,4.8,4.8,5.2,5.88,4.92,Active,"Lyft, Inc.",2019-03-29
2075-12-28,Saturn,Saturn,Sun,4.8,4.8,4.8,3.8,7.2,Active,"Lyft, Inc.",2019-03-29
2076-03-26,Saturn,Saturn,Moon,4.8,4.8,5.2,3.88,6.92,Active,"Lyft, Inc.",2019-03-29
2076-05-27,Saturn,Saturn,Mars,4.8,4.8,5.2,3.88,7.12,Active,"Lyft, Inc.",2019-03-29
2076-11-03,Saturn,Saturn,Rahu,4.8,4.8,6.8,5.2,5.8,Active,"Lyft, Inc.",2019-03-29
2077-04-10,Saturn,Saturn,Mercury,4.8,4.8,5.2,5.88,4.92,Active,"Lyft, Inc.",2019-03-29
2077-08-24,Saturn,Mercury,Mercury,4.8,5.2,5.2,6.0,4.5,Active,"Lyft, Inc.",2019-03-29
2077-10-18,Saturn,Mercury,Ketu,4.8,5.2,6.8,5.82,4.88,Active,"Lyft, Inc.",2019-03-29
2078-03-26,Saturn,Mercury,Venus,4.8,5.2,5.2,6.0,4.5,Active,"Lyft, Inc.",2019-03-29
2078-05-13,Saturn,Mercury,Sun,4.8,5.2,4.8,5.92,4.78,Active,"Lyft, Inc.",2019-03-29
2078-08-01,Saturn,Mercury,Moon,4.8,5.2,5.2,4.0,6.5,Active,"Lyft, Inc.",2019-03-29
2078-09-25,Saturn,Mercury,Mars,4.8,5.2,5.2,4.5,6.2,Active,"Lyft, Inc.",2019-03-29
2079-02-16,Saturn,Mercury,Rahu,4.8,5.2,6.8,5.82,4.88,Active,"Lyft, Inc.",2019-03-29
2079-06-23,Saturn,Mercury,Jupiter,4.8,5.2,6.4,5.74,4.76,Active,"Lyft, Inc.",2019-03-29
2079-12-05,Saturn,Mercury,Ketu,4.8,5.2,6.8,5.82,4.88,Active,"Lyft, Inc.",2019-03-29
2079-12-28,Saturn,Ketu,Ketu,4.8,6.8,6.8,5.8,5.2,Active,"Lyft, Inc.",2019-03-29
2080-03-03,Saturn,Ketu,Venus,4.8,6.8,5.2,5.98,4.82,Active,"Lyft, Inc.",2019-03-29
2080-03-22,Saturn,Ketu,Sun,4.8,6.8,4.8,4.4,6.6,Active,"Lyft, Inc.",2019-03-29
2080-04-24,Saturn,Ketu,Moon,4.8,6.8,5.2,4.48,6.32,Active,"Lyft, Inc.",2019-03-29
2080-05-17,Saturn,Ketu,Mars,4.8,6.8,5.2,4.98,6.02,Active,"Lyft, Inc.",2019-03-29
2080-07-15,Saturn,Ketu,Rahu,4.8,6.8,6.8,5.8,5.2,Active,"Lyft, Inc.",2019-03-29
2080-09-06,Saturn,Ketu,Jupiter,4.8,6.8,6.4,5.72,5.08,Active,"Lyft, Inc.",2019-03-29
2080-11-07,Saturn,Ketu,Saturn,4.8,6.8,4.8,5.4,5.6,Active,"Lyft, Inc.",2019-03-29
2081-01-07,Saturn,Ketu,Venus,4.8,6.8,5.2,5.98,4.82,Active,"Lyft, Inc.",2019-03-29
2081-07-14,Saturn,Venus,Venus,4.8,5.2,5.2,6.0,4.5,Active,"Lyft, Inc.",2019-03-29
2081-09-08,Saturn,Venus,Sun,4.8,5.2,4.8,3.92,6.78,Active,"Lyft, Inc.",2019-03-29
2081-12-10,Saturn,Venus,Moon,4.8,5.2,5.2,4.0,6.5,Active,"Lyft, Inc.",2019-03-29
2082-02-14,Saturn,Venus,Mars,4.8,5.2,5.2,4.5,6.2,Active,"Lyft, Inc.",2019-03-29
2082-08-01,Saturn,Venus,Rahu,4.8,5.2,6.8,5.82,4.88,Active,"Lyft, Inc.",2019-03-29
2082-12-29,Saturn,Venus,Jupiter,4.8,5.2,6.4,5.74,4.76,Active,"Lyft, Inc.",2019-03-29
2083-06-25,Saturn,Venus,Saturn,4.8,5.2,4.8,5.92,4.78,Active,"Lyft, Inc.",2019-03-29
2083-12-01,Saturn,Venus,Mercury,4.8,5.2,5.2,6.0,4.5,Active,"Lyft, Inc.",2019-03-29
2084-02-21,Saturn,Venus,Sun,4.8,5.2,4.8,3.92,6.78,Active,"Lyft, Inc.",2019-03-29
2084-03-09,Saturn,Sun,Sun,4.8,4.8,4.8,3.8,7.2,Active,"Lyft, Inc.",2019-03-29
2084-04-06,Saturn,Sun,Moon,4.8,4.8,5.2,3.88,6.92,Active,"Lyft, Inc.",2019-03-29
2084-04-26,Saturn,Sun,Mars,4.8,4.8,5.2,3.88,7.12,Active,"Lyft, Inc.",2019-03-29
2084-06-15,Saturn,Sun,Rahu,4.8,4.8,6.8,4.7,6.3,Active,"Lyft, Inc.",2019-03-29
2084-07-30,Saturn,Sun,Jupiter,4.8,4.8,6.4,4.62,6.18,Active,"Lyft, Inc.",2019-03-29
2084-09-22,Saturn,Sun,Saturn,4.8,4.8,4.8,3.8,7.2,Active,"Lyft, Inc.",2019-03-29
2084-11-09,Saturn,Sun,Mercury,4.8,4.8,5.2,4.38,6.42,Active,"Lyft, Inc.",2019-03-29
2084-11-28,Saturn,Sun,Ketu,4.8,4.8,6.8,4.7,6.3,Active,"Lyft, Inc.",2019-03-29
2085-01-28,Saturn,Sun,Moon,4.8,4.8,5.2,3.88,6.92,Active,"Lyft, Inc.",2019-03-29
2085-03-16,Saturn,Moon,Moon,4.8,5.2,5.2,4.0,6.5,Active,"Lyft, Inc.",2019-03-29
2085-04-18,Saturn,Moon,Mars,4.8,5.2,5.2,4.0,6.7,Active,"Lyft, Inc.",2019-03-29
2085-07-11,Saturn,Moon,Rahu,4.8,5.2,6.8,4.82,5.88,Active,"Lyft, Inc.",2019-03-29
2085-09-24,Saturn,Moon,Jupiter,4.8,5.2,6.4,4.74,5.76,Active,"Lyft, Inc.",2019-03-29
2085-12-22,Saturn,Moon,Saturn,4.8,5.2,4.8,4.42,6.28,Active,"Lyft, Inc.",2019-03-29
2086-03-12,Saturn,Moon,Mercury,4.8,5.2,5.2,6.0,4.5,Active,"Lyft, Inc.",2019-03-29
2086-04-13,Saturn,Moon,Ketu,4.8,5.2,6.8,4.82,5.88,Active,"Lyft, Inc.",2019-03-29
2086-07-16,Saturn,Moon,Venus,4.8,5.2,5.2,4.5,6.0,Active,"Lyft, Inc.",2019-03-29
2086-08-21,Saturn,Moon,Mars,4.8,5.2,5.2,4.0,6.7,Active,"Lyft, Inc.",2019-03-29
2086-09-13,Saturn,Mars,Mars,4.8,5.2,5.2,4.0,7.0,Active,"Lyft, Inc.",2019-03-29
2086-11-11,Saturn,Mars,Rahu,4.8,5.2,6.8,4.82,6.18,Active,"Lyft, Inc.",2019-03-29
2087-01-03,Saturn,Mars,Jupiter,4.8,5.2,6.4,4.74,6.06,Active,"Lyft, Inc.",2019-03-29
2087-03-06,Saturn,Mars,Saturn,4.8,5.2,4.8,4.42,6.58,Active,"Lyft, Inc.",2019-03-29
2087-05-01,Saturn,Mars,Mercury,4.8,5.2,5.2,4.0,6.8,Active,"Lyft, Inc.",2019-03-29
2087-05-24,Saturn,Mars,Ketu,4.8,5.2,6.8,4.82,6.18,Active,"Lyft, Inc.",2019-03-29
2087-07-28,Saturn,Mars,Venus,4.8,5.2,5.2,4.5,6.3,Active,"Lyft, Inc.",2019-03-29
2087-08-17,Saturn,Mars,Sun,4.8,5.2,4.8,3.92,7.08,Active,"Lyft, Inc.",2019-03-29
2087-09-24,Saturn,Mars,Rahu,4.8,5.2,6.8,4.82,6.18,Active,"Lyft, Inc.",2019-03-29
2088-02-23,Saturn,Rahu,Rahu,4.8,6.8,6.8,5.8,5.2,Active,"Lyft, Inc.",2019-03-29
2088-07-07,Saturn,Rahu,Jupiter,4.8,6.8,6.4,5.72,5.08,Active,"Lyft, Inc.",2019-03-29
2088-12-14,Saturn,Rahu,Saturn,4.8,6.8,4.8,5.9,5.1,Active,"Lyft, Inc.",2019-03-29
2089-05-06,Saturn,Rahu,Mercury,4.8,6.8,5.2,5.98,4.82,Active,"Lyft, Inc.",2019-03-29
2089-07-04,Saturn,Rahu,Ketu,4.8,6.8,6.8,5.8,5.2,Active,"Lyft, Inc.",2019-03-29
2089-12-20,Saturn,Rahu,Venus,4.8,6.8,5.2,5.98,4.82,Active,"Lyft, Inc.",2019-03-29
2090-02-08,Saturn,Rahu,Sun,4.8,6.8,4.8,4.4,6.6,Active,"Lyft, Inc.",2019-03-29
2090-05-04,Saturn,Rahu,Moon,4.8,6.8,5.2,4.48,6.32,Active,"Lyft, Inc.",2019-03-29
2090-07-16,Saturn,Rahu,Jupiter,4.8,6.8,6.4,5.72,5.08,Active,"Lyft, Inc.",2019-03-29
2090-11-13,Saturn,Jupiter,Jupiter,4.8,6.4,6.4,5.6,4.9,Active,"Lyft, Inc.",2019-03-29
2091-04-05,Saturn,Jupiter,Saturn,4.8,6.4,4.8,5.28,5.42,Active,"Lyft, Inc.",2019-03-29
2091-08-10,Saturn,Jupiter,Mercury,4.8,6.4,5.2,4.86,5.64,Active,"Lyft, Inc.",2019-03-29
2091-10-01,Saturn,Jupiter,Ketu,4.8,6.4,6.8,5.68,5.02,Active,"Lyft, Inc.",2019-03-29
2092-02-28,Saturn,Jupiter,Venus,4.8,6.4,5.2,4.86,5.64,Active,"Lyft, Inc.",2019-03-29
2092-04-13,Saturn,Jupiter,Sun,4.8,6.4,4.8,4.78,5.92,Active,"Lyft, Inc.",2019-03-29
2092-06-27,Saturn,Jupiter,Moon,4.8,6.4,5.2,4.86,5.64,Active,"Lyft, Inc.",2019-03-29
2092-08-18,Saturn,Jupiter,Mars,4.8,6.4,5.2,4.86,5.84,Active,"Lyft, Inc.",2019-03-29
2093-04-23,Saturn,Mercury,Mercury,4.8,5.2,5.2,6.0,4.5,Active,"Lyft, Inc.",2019-03-29
2093-08-22,Mercury,Mercury,Mercury,5.2,5.2,5.2,5.2,4.8,Active,"Lyft, Inc.",2019-03-29
2093-10-11,Mercury,Mercury,Ketu,5.2,5.2,6.8,5.52,4.68,Active,"Lyft, Inc.",2019-03-29
2094-03-02,Mercury,Mercury,Venus,5.2,5.2,5.2,6.2,3.8,Active,"Lyft, Inc.",2019-03-29
2094-04-14,Mercury,Mercury,Sun,5.2,5.2,4.8,6.12,4.08,Active,"Lyft, Inc.",2019-03-29
2094-06-24,Mercury,Mercury,Moon,5.2,5.2,5.2,4.2,5.8,Active,"Lyft, Inc.",2019-03-29
2094-08-13,Mercury,Mercury,Mars,5.2,5.2,5.2,5.2,5.0,Active,"Lyft, Inc.",2019-03-29
2094-12-19,Mercury,Mercury,Rahu,5.2,5.2,6.8,5.52,4.68,Active,"Lyft, Inc.",2019-03-29
2095-04-12,Mercury,Mercury,Jupiter,5.2,5.2,6.4,5.44,4.56,Active,"Lyft, Inc.",2019-03-29
2095-09-07,Mercury,Mercury,Ketu,5.2,5.2,6.8,5.52,4.68,Active,"Lyft, Inc.",2019-03-29
2095-09-28,Mercury,Ketu,Ketu,5.2,6.8,6.8,6.0,4.5,Active,"Lyft, Inc.",2019-03-29
2095-11-25,Mercury,Ketu,Venus,5.2,6.8,5.2,6.18,4.12,Active,"Lyft, Inc.",2019-03-29
2095-12-13,Mercury,Ketu,Sun,5.2,6.8,4.8,5.1,5.4,Active,"Lyft, Inc.",2019-03-29
2096-01-11,Mercury,Ketu,Moon,5.2,6.8,5.2,4.68,5.62,Active,"Lyft, Inc.",2019-03-29
2096-02-01,Mercury,Ketu,Mars,5.2,6.8,5.2,6.18,4.32,Active,"Lyft, Inc.",2019-03-29
2096-03-25,Mercury,Ketu,Rahu,5.2,6.8,6.8,6.0,4.5,Active,"Lyft, Inc.",2019-03-29
2096-05-10,Mercury,Ketu,Jupiter,5.2,6.8,6.4,5.92,4.38,Active,"Lyft, Inc.",2019-03-29
2096-07-05,Mercury,Ketu,Saturn,5.2,6.8,4.8,5.6,4.9,Active,"Lyft, Inc.",2019-03-29
2096-08-29,Mercury,Ketu,Venus,5.2,6.8,5.2,6.18,4.12,Active,"Lyft, Inc.",2019-03-29
2097-02-13,Mercury,Venus,Venus,5.2,5.2,5.2,6.2,3.8,Active,"Lyft, Inc.",2019-03-29
2097-04-04,Mercury,Venus,Sun,5.2,5.2,4.8,6.12,4.08,Active,"Lyft, Inc.",2019-03-29
2097-06-27,Mercury,Venus,Moon,5.2,5.2,5.2,4.2,5.8,Active,"Lyft, Inc.",2019-03-29
2097-08-24,Mercury,Venus,Mars,5.2,5.2,5.2,5.7,4.5,Active,"Lyft, Inc.",2019-03-29
2098-01-22,Mercury,Venus,Rahu,5.2,5.2,6.8,6.02,4.18,Active,"Lyft, Inc.",2019-03-29
2098-06-05,Mercury,Venus,Jupiter,5.2,5.2,6.4,5.94,4.06,Active,"Lyft, Inc.",2019-03-29
2098-11-11,Mercury,Venus,Saturn,5.2,5.2,4.8,6.12,4.08,Active,"Lyft, Inc.",2019-03-29
2099-04-03,Mercury,Venus,Mercury,5.2,5.2,5.2,6.2,3.8,Active,"Lyft, Inc.",2019-03-29
2099-06-15,Mercury,Venus,Sun,5.2,5.2,4.8,6.12,4.08,Active,"Lyft, Inc.",2019-03-29
2099-06-30,Mercury,Sun,Sun,5.2,4.8,4.8,6.0,4.5,Active,"Lyft, Inc.",2019-03-29
2099-07-25,Mercury,Sun,Moon,5.2,4.8,5.2,6.08,4.22,Active,"Lyft, Inc.",2019-03-29
2099-08-12,Mercury,Sun,Mars,5.2,4.8,5.2,6.08,4.42,Active,"Lyft, Inc.",2019-03-29
2099-09-26,Mercury,Sun,Rahu,5.2,4.8,6.8,5.9,4.6,Active,"Lyft, Inc.",2019-03-29
2099-11-05,Mercury,Sun,Jupiter,5.2,4.8,6.4,6.32,3.98,Active,"Lyft, Inc.",2019-03-29
2099-12-23,Mercury,Sun,Saturn,5.2,4.8,4.8,4.5,6.0,Active,"Lyft, Inc.",2019-03-29
2100-02-04,Mercury,Sun,Mercury,5.2,4.8,5.2,5.58,4.72,Active,"Lyft, Inc.",2019-03-29
2100-02-21,Mercury,Sun,Ketu,5.2,4.8,6.8,5.9,4.6,Active,"Lyft, Inc.",2019-03-29
2100-04-17,Mercury,Sun,Moon,5.2,4.8,5.2,6.08,4.22,Active,"Lyft, Inc.",2019-03-29
2100-05-29,Mercury,Moon,Moon,5.2,5.2,5.2,4.2,5.8,Active,"Lyft, Inc.",2019-03-29
2100-06-27,Mercury,Moon,Mars,5.2,5.2,5.2,4.7,5.5,Active,"Lyft, Inc.",2019-03-29
2100-09-11,Mercury,Moon,Rahu,5.2,5.2,6.8,5.02,5.18,Active,"Lyft, Inc.",2019-03-29
2100-11-17,Mercury,Moon,Jupiter,5.2,5.2,6.4,4.94,5.06,Active,"Lyft, Inc.",2019-03-29
2101-02-04,Mercury,Moon,Saturn,5.2,5.2,4.8,4.62,5.58,Active,"Lyft, Inc.",2019-03-29
2101-04-16,Mercury,Moon,Mercury,5.2,5.2,5.2,4.7,5.3,Active,"Lyft, Inc.",2019-03-29
2101-05-16,Mercury,Moon,Ketu,5.2,5.2,6.8,5.02,5.18,Active,"Lyft, Inc.",2019-03-29
2101-08-08,Mercury,Moon,Venus,5.2,5.2,5.2,4.7,5.3,Active,"Lyft, Inc.",2019-03-29
2101-09-09,Mercury,Moon,Mars,5.2,5.2,5.2,4.7,5.5,Active,"Lyft, Inc.",2019-03-29
2101-09-30,Mercury,Mars,Mars,5.2,5.2,5.2,5.2,5.3,Active,"Lyft, Inc.",2019-03-29
2101-11-21,Mercury,Mars,Rahu,5.2,5.2,6.8,5.52,4.98,Active,"Lyft, Inc.",2019-03-29
2102-01-07,Mercury,Mars,Jupiter,5.2,5.2,6.4,5.94,4.36,Active,"Lyft, Inc.",2019-03-29
2102-03-04,Mercury,Mars,Saturn,5.2,5.2,4.8,5.12,5.38,Active,"Lyft, Inc.",2019-03-29
2102-04-23,Mercury,Mars,Mercury,5.2,5.2,5.2,4.7,5.6,Active,"Lyft, Inc.",2019-03-29
2102-05-13,Mercury,Mars,Ketu,5.2,5.2,6.8,5.52,4.98,Active,"Lyft, Inc.",2019-03-29
2102-07-11,Mercury,Mars,Venus,5.2,5.2,5.2,5.7,4.6,Active,"Lyft, Inc.",2019-03-29
2102-07-29,Mercury,Mars,Sun,5.2,5.2,4.8,6.12,4.38,Active,"Lyft, Inc.",2019-03-29
2102-09-01,Mercury,Mars,Rahu,5.2,5.2,6.8,5.52,4.98,Active,"Lyft, Inc.",2019-03-29
2103-01-15,Mercury,Rahu,Rahu,5.2,6.8,6.8,6.0,4.5,Active,"Lyft, Inc.",2019-03-29
2103-05-15,Mercury,Rahu,Jupiter,5.2,6.8,6.4,5.92,4.38,Active,"Lyft, Inc.",2019-03-29
2103-10-06,Mercury,Rahu,Saturn,5.2,6.8,4.8,6.1,4.4,Active,"Lyft, Inc.",2019-03-29
2104-02-11,Mercury,Rahu,Mercury,5.2,6.8,5.2,5.68,4.62,Active,"Lyft, Inc.",2019-03-29
2104-04-04,Mercury,Rahu,Ketu,5.2,6.8,6.8,6.0,4.5,Active,"Lyft, Inc.",2019-03-29
2104-09-01,Mercury,Rahu,Venus,5.2,6.8,5.2,6.18,4.12,Active,"Lyft, Inc.",2019-03-29
2104-10-17,Mercury,Rahu,Sun,5.2,6.8,4.8,5.1,5.4,Active,"Lyft, Inc.",2019-03-29
2104-12-31,Mercury,Rahu,Moon,5.2,6.8,5.2,4.68,5.62,Active,"Lyft, Inc.",2019-03-29
2105-03-07,Mercury,Rahu,Jupiter,5.2,6.8,6.4,5.92,4.38,Active,"Lyft, Inc.",2019-03-29
2105-06-22,Mercury,Jupiter,Jupiter,5.2,6.4,6.4,5.8,4.2,Active,"Lyft, Inc.",2019-03-29
2105-10-28,Mercury,Jupiter,Saturn,5.2,6.4,4.8,5.48,4.72,Active,"Lyft, Inc.",2019-03-29
2106-02-18,Mercury,Jupiter,Mercury,5.2,6.4,5.2,5.06,4.94,Active,"Lyft, Inc.",2019-03-29
2106-04-06,Mercury,Jupiter,Ketu,5.2,6.4,6.8,5.88,4.32,Active,"Lyft, Inc.",2019-03-29
2106-08-18,Mercury,Jupiter,Venus,5.2,6.4,5.2,5.06,4.94,Active,"Lyft, Inc.",2019-03-29
2106-09-28,Mercury,Jupiter,Sun,5.2,6.4,4.8,6.48,3.72,Active,"Lyft, Inc.",2019-03-29
2106-12-04,Mercury,Jupiter,Moon,5.2,6.4,5.2,5.06,4.94,Active,"Lyft, Inc.",2019-03-29
2107-01-20,Mercury,Jupiter,Mars,5.2,6.4,5.2,6.06,4.14,Active,"Lyft, Inc.",2019-03-29
2107-06-01,Mercury,Jupiter,Saturn,5.2,6.4,4.8,5.48,4.72,Active,"Lyft, Inc.",2019-03-29
2107-10-30,Mercury,Saturn,Saturn,5.2,4.8,4.8,5.0,5.5,Active,"Lyft, Inc.",2019-03-29
2108-03-13,Mercury,Saturn,Mercury,5.2,4.8,5.2,5.58,4.72,Active,"Lyft, Inc.",2019-03-29
2108-05-08,Mercury,Saturn,Ketu,5.2,4.8,6.8,5.4,5.1,Active,"Lyft, Inc.",2019-03-29
2108-10-14,Mercury,Saturn,Venus,5.2,4.8,5.2,6.08,4.22,Active,"Lyft, Inc.",2019-03-29
2108-12-01,Mercury,Saturn,Sun,5.2,4.8,4.8,4.5,6.0,Active,"Lyft, Inc.",2019-03-29
2109-02-19,Mercury,Saturn,Moon,5.2,4.8,5.2,4.08,6.22,Active,"Lyft, Inc.",2019-03-29
2109-04-15,Mercury,Saturn,Mars,5.2,4.8,5.2,4.58,5.92,Active,"Lyft, Inc.",2019-03-29
2109-09-06,Mercury,Saturn,Rahu,5.2,4.8,6.8,5.4,5.1,Active,"Lyft, Inc.",2019-03-29
2110-04-24,Mercury,Ketu,Ketu,5.2,6.8,6.8,6.0,4.5,Active,"Lyft, Inc.",2019-03-29
2110-05-03,Ketu,Ketu,Ketu,6.8,6.8,6.8,6.8,4.2,Active,"Lyft, Inc.",2019-03-29
2110-05-27,Ketu,Ketu,Venus,6.8,6.8,5.2,6.48,4.32,Active,"Lyft, Inc.",2019-03-29
2110-06-03,Ketu,Ketu,Sun,6.8,6.8,4.8,5.4,5.6,Active,"Lyft, Inc.",2019-03-29
2110-06-15,Ketu,Ketu,Moon,6.8,6.8,5.2,5.48,5.32,Active,"Lyft, Inc.",2019-03-29
2110-06-24,Ketu,Ketu,Mars,6.8,6.8,5.2,7.48,3.52,Active,"Lyft, Inc.",2019-03-29
2110-07-15,Ketu,Ketu,Rahu,6.8,6.8,6.8,6.8,4.2,Active,"Lyft, Inc.",2019-03-29
2110-08-04,Ketu,Ketu,Jupiter,6.8,6.8,6.4,6.72,4.08,Active,"Lyft, Inc.",2019-03-29
2110-08-27,Ketu,Ketu,Saturn,6.8,6.8,4.8,6.4,4.6,Active,"Lyft, Inc.",2019-03-29
2110-09-18,Ketu,Ketu,Venus,6.8,6.8,5.2,6.48,4.32,Active,"Lyft, Inc.",2019-03-29
2110-11-26,Ketu,Venus,Venus,6.8,5.2,5.2,6.0,4.5,Active,"Lyft, Inc.",2019-03-29
2110-12-17,Ketu,Venus,Sun,6.8,5.2,4.8,4.92,5.78,Active,"Lyft, Inc.",2019-03-29
2111-01-20,Ketu,Venus,Moon,6.8,5.2,5.2,5.0,5.5,Active,"Lyft, Inc.",2019-03-29
2111-02-14,Ketu,Venus,Mars,6.8,5.2,5.2,6.5,4.2,Active,"Lyft, Inc.",2019-03-29
2111-04-17,Ketu,Venus,Rahu,6.8,5.2,6.8,6.32,4.38,Active,"Lyft, Inc.",2019-03-29
2111-06-11,Ketu,Venus,Jupiter,6.8,5.2,6.4,6.24,4.26,Active,"Lyft, Inc.",2019-03-29
2111-08-15,Ketu,Venus,Saturn,6.8,5.2,4.8,6.42,4.28,Active,"Lyft, Inc.",2019-03-29
2111-10-13,Ketu,Venus,Mercury,6.8,5.2,5.2,6.5,4.0,Active,"Lyft, Inc.",2019-03-29
2111-11-12,Ketu,Venus,Sun,6.8,5.2,4.8,4.92,5.78,Active,"Lyft, Inc.",2019-03-29
2111-11-18,Ketu,Sun,Sun,6.8,4.8,4.8,4.8,6.2,Active,"Lyft, Inc.",2019-03-29
2111-11-29,Ketu,Sun,Moon,6.8,4.8,5.2,4.88,5.92,Active,"Lyft, Inc.",2019-03-29
2111-12-06,Ketu,Sun,Mars,6.8,4.8,5.2,6.88,4.12,Active,"Lyft, Inc.",2019-03-29
2111-12-25,Ketu,Sun,Rahu,6.8,4.8,6.8,5.7,5.3,Active,"Lyft, Inc.",2019-03-29
2112-01-10,Ketu,Sun,Jupiter,6.8,4.8,6.4,5.62,5.18,Active,"Lyft, Inc.",2019-03-29
2112-01-30,Ketu,Sun,Saturn,6.8,4.8,4.8,4.8,6.2,Active,"Lyft, Inc.",2019-03-29
2112-02-16,Ketu,Sun,Mercury,6.8,4.8,5.2,5.38,5.42,Active,"Lyft, Inc.",2019-03-29
2112-02-24,Ketu,Sun,Ketu,6.8,4.8,6.8,5.7,5.3,Active,"Lyft, Inc.",2019-03-29
2112-03-17,Ketu,Sun,Moon,6.8,4.8,5.2,4.88,5.92,Active,"Lyft, Inc.",2019-03-29
2112-04-03,Ketu,Moon,Moon,6.8,5.2,5.2,5.0,5.5,Active,"Lyft, Inc.",2019-03-29
2112-04-16,Ketu,Moon,Mars,6.8,5.2,5.2,5.5,5.2,Active,"Lyft, Inc.",2019-03-29
2112-05-17,Ketu,Moon,Rahu,6.8,5.2,6.8,5.82,4.88,Active,"Lyft, Inc.",2019-03-29
2112-06-13,Ketu,Moon,Jupiter,6.8,5.2,6.4,5.74,4.76,Active,"Lyft, Inc.",2019-03-29
2112-07-16,Ketu,Moon,Saturn,6.8,5.2,4.8,5.42,5.28,Active,"Lyft, Inc.",2019-03-29
2112-08-14,Ketu,Moon,Mercury,6.8,5.2,5.2,5.5,5.0,Active,"Lyft, Inc.",2019-03-29
2112-08-26,Ketu,Moon,Ketu,6.8,5.2,6.8,5.82,4.88,Active,"Lyft, Inc.",2019-03-29
2112-09-30,Ketu,Moon,Venus,6.8,5.2,5.2,5.5,5.0,Active,"Lyft, Inc.",2019-03-29
2112-10-13,Ketu,Moon,Mars,6.8,5.2,5.2,5.5,5.2,Active,"Lyft, Inc.",2019-03-29
2112-10-22,Ketu,Mars,Mars,6.8,5.2,5.2,7.0,4.0,Active,"Lyft, Inc.",2019-03-29
2112-11-12,Ketu,Mars,Rahu,6.8,5.2,6.8,6.82,4.18,Active,"Lyft, Inc.",2019-03-29
2112-12-02,Ketu,Mars,Jupiter,6.8,5.2,6.4,7.24,3.56,Active,"Lyft, Inc.",2019-03-29
2112-12-25,Ketu,Mars,Saturn,6.8,5.2,4.8,6.42,4.58,Active,"Lyft, Inc.",2019-03-29
2113-01-14,Ketu,Mars,Mercury,6.8,5.2,5.2,5.5,5.3,Active,"Lyft, Inc.",2019-03-29
2113-01-23,Ketu,Mars,Ketu,6.8,5.2,6.8,6.82,4.18,Active,"Lyft, Inc.",2019-03-29
2113-02-16,Ketu,Mars,Venus,6.8,5.2,5.2,6.5,4.3,Active,"Lyft, Inc.",2019-03-29
2113-02-23,Ketu,Mars,Sun,6.8,5.2,4.8,6.92,4.08,Active,"Lyft, Inc.",2019-03-29
2113-03-09,Ketu,Mars,Rahu,6.8,5.2,6.8,6.82,4.18,Active,"Lyft, Inc.",2019-03-29
2113-05-04,Ketu,Rahu,Rahu,6.8,6.8,6.8,6.8,4.2,Active,"Lyft, Inc.",2019-03-29
2113-06-23,Ketu,Rahu,Jupiter,6.8,6.8,6.4,6.72,4.08,Active,"Lyft, Inc.",2019-03-29
2113-08-21,Ketu,Rahu,Saturn,6.8,6.8,4.8,6.9,4.1,Active,"Lyft, Inc.",2019-03-29
2113-10-13,Ketu,Rahu,Mercury,6.8,6.8,5.2,6.48,4.32,Active,"Lyft, Inc.",2019-03-29
2113-11-03,Ketu,Rahu,Ketu,6.8,6.8,6.8,6.8,4.2,Active,"Lyft, Inc.",2019-03-29
2114-01-04,Ketu,Rahu,Venus,6.8,6.8,5.2,6.48,4.32,Active,"Lyft, Inc.",2019-03-29
2114-01-23,Ketu,Rahu,Sun,6.8,6.8,4.8,5.4,5.6,Active,"Lyft, Inc.",2019-03-29
2114-02-23,Ketu,Rahu,Moon,6.8,6.8,5.2,5.48,5.32,Active,"Lyft, Inc.",2019-03-29
2114-03-22,Ketu,Rahu,Jupiter,6.8,6.8,6.4,6.72,4.08,Active,"Lyft, Inc.",2019-03-29
2114-05-05,Ketu,Jupiter,Jupiter,6.8,6.4,6.4,6.6,3.9,Active,"Lyft, Inc.",2019-03-29
2114-06-27,Ketu,Jupiter,Saturn,6.8,6.4,4.8,6.28,4.42,Active,"Lyft, Inc.",2019-03-29
2114-08-13,Ketu,Jupiter,Mercury,6.8,6.4,5.2,5.86,4.64,Active,"Lyft, Inc.",2019-03-29
2114-09-01,Ketu,Jupiter,Ketu,6.8,6.4,6.8,6.68,4.02,Active,"Lyft, Inc.",2019-03-29
2114-10-26,Ketu,Jupiter,Venus,6.8,6.4,5.2,5.86,4.64,Active,"Lyft, Inc.",2019-03-29
2114-11-12,Ketu,Jupiter,Sun,6.8,6.4,4.8,5.78,4.92,Active,"Lyft, Inc.",2019-03-29
2114-12-10,Ketu,Jupiter,Moon,6.8,6.4,5.2,5.86,4.64,Active,"Lyft, Inc.",2019-03-29
2114-12-29,Ketu,Jupiter,Mars,6.8,6.4,5.2,7.36,3.34,Active,"Lyft, Inc.",2019-03-29
2115-02-21,Ketu,Jupiter,Saturn,6.8,6.4,4.8,6.28,4.42,Active,"Lyft, Inc.",2019-03-29
2115-04-25,Ketu,Saturn,Saturn,6.8,4.8,4.8,5.8,5.2,Active,"Lyft, Inc.",2019-03-29
2115-06-19,Ketu,Saturn,Mercury,6.8,4.8,5.2,6.38,4.42,Active,"Lyft, Inc.",2019-03-29
2115-07-12,Ketu,Saturn,Ketu,6.8,4.8,6.8,6.2,4.8,Active,"Lyft, Inc.",2019-03-29
2115-09-16,Ketu,Saturn,Venus,6.8,4.8,5.2,6.38,4.42,Active,"Lyft, Inc.",2019-03-29
2115-10-05,Ketu,Saturn,Sun,6.8,4.8,4.8,4.8,6.2,Active,"Lyft, Inc.",2019-03-29
2115-11-07,Ketu,Saturn,Moon,6.8,4.8,5.2,4.88,5.92,Active,"Lyft, Inc.",2019-03-29
2115-11-30,Ketu,Saturn,Mars,6.8,4.8,5.2,5.38,5.62,Active,"Lyft, Inc.",2019-03-29
2116-01-28,Ketu,Saturn,Rahu,6.8,4.8,6.8,6.2,4.8,Active,"Lyft, Inc.",2019-03-29
2116-03-26,Ketu,Saturn,Mercury,6.8,4.8,5.2,6.38,4.42,Active,"Lyft, Inc.",2019-03-29
2116-05-15,Ketu,Mercury,Mercury,6.8,5.2,5.2,6.0,4.5,Active,"Lyft, Inc.",2019-03-29
2116-06-05,Ketu,Mercury,Ketu,6.8,5.2,6.8,6.32,4.38,Active,"Lyft, Inc.",2019-03-29
2116-08-02,Ketu,Mercury,Venus,6.8,5.2,5.2,6.5,4.0,Active,"Lyft, Inc.",2019-03-29
2116-08-20,Ketu,Mercury,Sun,6.8,5.2,4.8,5.42,5.28,Active,"Lyft, Inc.",2019-03-29
2116-09-18,Ketu,Mercury,Moon,6.8,5.2,5.2,5.0,5.5,Active,"Lyft, Inc.",2019-03-29
2116-10-09,Ketu,Mercury,Mars,6.8,5.2,5.2,6.5,4.2,Active,"Lyft, Inc.",2019-03-29
2116-12-01,Ketu,Mercury,Rahu,6.8,5.2,6.8,6.32,4.38,Active,"Lyft, Inc.",2019-03-29
2117-01-17,Ketu,Mercury,Jupiter,6.8,5.2,6.4,6.24,4.26,Active,"Lyft, Inc.",2019-03-29
2117-04-24,Ketu,Venus,Venus,6.8,5.2,5.2,6.0,4.5,Active,"Lyft, Inc.",2019-03-29
2117-11-07,Venus,Venus,Venus,5.2,5.2,5.2,5.2,4.8,Active,"Lyft, Inc.",2019-03-29
2118-01-05,Venus,Venus,Sun,5.2,5.2,4.8,4.12,6.08,Active,"Lyft, Inc.",2019-03-29
2118-04-14,Venus,Venus,Moon,5.2,5.2,5.2,4.2,5.8,Active,"Lyft, Inc.",2019-03-29
2118-06-22,Venus,Venus,Mars,5.2,5.2,5.2,5.2,5.0,Active,"Lyft, Inc.",2019-03-29
2118-12-16,Venus,Venus,Rahu,5.2,5.2,6.8,5.52,4.68,Active,"Lyft, Inc.",2019-03-29
2119-05-23,Venus,Venus,Jupiter,5.2,5.2,6.4,5.44,4.56,Active,"Lyft, Inc.",2019-03-29
2119-11-26,Venus,Venus,Saturn,5.2,5.2,4.8,6.12,4.08,Active,"Lyft, Inc.",2019-03-29
2120-05-12,Venus,Venus,Mercury,5.2,5.2,5.2,6.2,3.8,Active,"Lyft, Inc.",2019-03-29
2120-08-06,Venus,Venus,Sun,5.2,5.2,4.8,4.12,6.08,Active,"Lyft, Inc.",2019-03-29
2120-08-24,Venus,Sun,Sun,5.2,4.8,4.8,4.0,6.5,Active,"Lyft, Inc.",2019-03-29
2120-09-22,Venus,Sun,Moon,5.2,4.8,5.2,4.08,6.22,Active,"Lyft, Inc.",2019-03-29
2120-10-13,Venus,Sun,Mars,5.2,4.8,5.2,4.58,5.92,Active,"Lyft, Inc.",2019-03-29
2120-12-05,Venus,Sun,Rahu,5.2,4.8,6.8,4.9,5.6,Active,"Lyft, Inc.",2019-03-29
2121-01-22,Venus,Sun,Jupiter,5.2,4.8,6.4,4.82,5.48,Active,"Lyft, Inc.",2019-03-29
2121-03-19,Venus,Sun,Saturn,5.2,4.8,4.8,4.0,6.5,Active,"Lyft, Inc.",2019-03-29
2121-05-08,Venus,Sun,Mercury,5.2,4.8,5.2,4.58,5.72,Active,"Lyft, Inc.",2019-03-29
2121-05-29,Venus,Sun,Ketu,5.2,4.8,6.8,4.9,5.6,Active,"Lyft, Inc.",2019-03-29
2121-08-01,Venus,Sun,Moon,5.2,4.8,5.2,4.08,6.22,Active,"Lyft, Inc.",2019-03-29
2121-09-19,Venus,Moon,Moon,5.2,5.2,5.2,4.2,5.8,Active,"Lyft, Inc.",2019-03-29
2121-10-24,Venus,Moon,Mars,5.2,5.2,5.2,4.7,5.5,Active,"Lyft, Inc.",2019-03-29
2122-01-21,Venus,Moon,Rahu,5.2,5.2,6.8,5.02,5.18,Active,"Lyft, Inc.",2019-03-29
2122-04-09,Venus,Moon,Jupiter,5.2,5.2,6.4,4.94,5.06,Active,"Lyft, Inc.",2019-03-29
2122-07-12,Venus,Moon,Saturn,5.2,5.2,4.8,4.62,5.58,Active,"Lyft, Inc.",2019-03-29
2122-10-04,Venus,Moon,Mercury,5.2,5.2,5.2,6.2,3.8,Active,"Lyft, Inc.",2019-03-29
2122-11-07,Venus,Moon,Ketu,5.2,5.2,6.8,5.02,5.18,Active,"Lyft, Inc.",2019-03-29
2123-02-14,Venus,Moon,Venus,5.2,5.2,5.2,4.7,5.3,Active,"Lyft, Inc.",2019-03-29
2123-03-24,Venus,Moon,Mars,5.2,5.2,5.2,4.7,5.5,Active,"Lyft, Inc.",2019-03-29
2123-04-17,Venus,Mars,Mars,5.2,5.2,5.2,5.2,5.3,Active,"Lyft, Inc.",2019-03-29
2123-06-18,Venus,Mars,Rahu,5.2,5.2,6.8,5.52,4.98,Active,"Lyft, Inc.",2019-03-29
2123-08-13,Venus,Mars,Jupiter,5.2,5.2,6.4,5.94,4.36,Active,"Lyft, Inc.",2019-03-29
2123-10-17,Venus,Mars,Saturn,5.2,5.2,4.8,5.62,4.88,Active,"Lyft, Inc.",2019-03-29
2123-12-15,Venus,Mars,Mercury,5.2,5.2,5.2,4.7,5.6,Active,"Lyft, Inc.",2019-03-29
2124-01-08,Venus,Mars,Ketu,5.2,5.2,6.8,5.52,4.98,Active,"Lyft, Inc.",2019-03-29
2124-03-17,Venus,Mars,Venus,5.2,5.2,5.2,5.2,5.1,Active,"Lyft, Inc.",2019-03-29
2124-04-07,Venus,Mars,Sun,5.2,5.2,4.8,4.62,5.88,Active,"Lyft, Inc.",2019-03-29
2124-05-17,Venus,Mars,Rahu,5.2,5.2,6.8,5.52,4.98,Active,"Lyft, Inc.",2019-03-29
2124-10-24,Venus,Rahu,Rahu,5.2,6.8,6.8,6.0,4.5,Active,"Lyft, Inc.",2019-03-29
2125-03-15,Venus,Rahu,Jupiter,5.2,6.8,6.4,5.92,4.38,Active,"Lyft, Inc.",2019-03-29
2125-08-30,Venus,Rahu,Saturn,5.2,6.8,4.8,6.6,3.9,Active,"Lyft, Inc.",2019-03-29
2126-01-28,Venus,Rahu,Mercury,5.2,6.8,5.2,6.18,4.12,Active,"Lyft, Inc.",2019-03-29
2126-03-31,Venus,Rahu,Ketu,5.2,6.8,6.8,6.0,4.5,Active,"Lyft, Inc.",2019-03-29
2126-09-25,Venus,Rahu,Venus,5.2,6.8,5.2,5.68,4.62,Active,"Lyft, Inc.",2019-03-29
2126-11-17,Venus,Rahu,Sun,5.2,6.8,4.8,4.6,5.9,Active,"Lyft, Inc.",2019-03-29
2127-02-14,Venus,Rahu,Moon,5.2,6.8,5.2,4.68,5.62,Active,"Lyft, Inc.",2019-03-29
2127-05-02,Venus,Rahu,Jupiter,5.2,6.8,6.4,5.92,4.38,Active,"Lyft, Inc.",2019-03-29
2127-09-05,Venus,Jupiter,Jupiter,5.2,6.4,6.4,5.8,4.2,Active,"Lyft, Inc.",2019-03-29
2128-02-02,Venus,Jupiter,Saturn,5.2,6.4,4.8,5.98,4.22,Active,"Lyft, Inc.",2019-03-29
2128-06-15,Venus,Jupiter,Mercury,5.2,6.4,5.2,5.06,4.94,Active,"Lyft, Inc.",2019-03-29
2128-08-09,Venus,Jupiter,Ketu,5.2,6.4,6.8,5.88,4.32,Active,"Lyft, Inc.",2019-03-29
2129-01-14,Venus,Jupiter,Venus,5.2,6.4,5.2,5.06,4.94,Active,"Lyft, Inc.",2019-03-29
2129-03-02,Venus,Jupiter,Sun,5.2,6.4,4.8,4.98,5.22,Active,"Lyft, Inc.",2019-03-29
2129-05-20,Venus,Jupiter,Moon,5.2,6.4,5.2,5.06,4.94,Active,"Lyft, Inc.",2019-03-29
2129-07-14,Venus,Jupiter,Mars,5.2,6.4,5.2,6.06,4.14,Active,"Lyft, Inc.",2019-03-29
2129-12-17,Venus,Jupiter,Saturn,5.2,6.4,4.8,5.98,4.22,Active,"Lyft, Inc.",2019-03-29
2130-06-13,Venus,Saturn,Saturn,5.2,4.8,4.8,6.0,4.5,Active,"Lyft, Inc.",2019-03-29
2130-11-19,Venus,Saturn,Mercury,5.2,4.8,5.2,6.08,4.22,Active,"Lyft, Inc.",2019-03-29
2131-01-24,Venus,Saturn,Ketu,5.2,4.8,6.8,5.9,4.6,Active,"Lyft, Inc.",2019-03-29
2131-07-30,Venus,Saturn,Venus,5.2,4.8,5.2,6.08,4.22,Active,"Lyft, Inc.",2019-03-29
2131-09-24,Venus,Saturn,Sun,5.2,4.8,4.8,4.0,6.5,Active,"Lyft, Inc.",2019-03-29
2131-12-27,Venus,Saturn,Moon,5.2,4.8,5.2,4.08,6.22,Active,"Lyft, Inc.",2019-03-29
2132-03-01,Venus,Saturn,Mars,5.2,4.8,5.2,4.58,5.92,Active,"Lyft, Inc.",2019-03-29
2132-08-17,Venus,Saturn,Rahu,5.2,4.8,6.8,5.9,4.6,Active,"Lyft, Inc.",2019-03-29
2133-01-30,Venus,Saturn,Mercury,5.2,4.8,5.2,6.08,4.22,Active,"Lyft, Inc.",2019-03-29
2133-06-22,Venus,Mercury,Mercury,5.2,5.2,5.2,6.2,3.8,Active,"Lyft, Inc.",2019-03-29
2133-08-19,Venus,Mercury,Ketu,5.2,5.2,6.8,6.02,4.18,Active,"Lyft, Inc.",2019-03-29
2134-02-03,Venus,Mercury,Venus,5.2,5.2,5.2,6.2,3.8,Active,"Lyft, Inc.",2019-03-29
2134-03-25,Venus,Mercury,Sun,5.2,5.2,4.8,6.12,4.08,Active,"Lyft, Inc.",2019-03-29
2134-06-17,Venus,Mercury,Moon,5.2,5.2,5.2,4.2,5.8,Active,"Lyft, Inc.",2019-03-29
2134-08-14,Venus,Mercury,Mars,5.2,5.2,5.2,5.7,4.5,Active,"Lyft, Inc.",2019-03-29
2135-01-12,Venus,Mercury,Rahu,5.2,5.2,6.8,6.02,4.18,Active,"Lyft, Inc.",2019-03-29
2135-05-26,Venus,Mercury,Jupiter,5.2,5.2,6.4,5.94,4.06,Active,"Lyft, Inc.",2019-03-29
2135-11-16,Venus,Mercury,Ketu,5.2,5.2,6.8,6.02,4.18,Active,"Lyft, Inc.",2019-03-29
2135-12-10,Venus,Ketu,Ketu,5.2,6.8,6.8,6.0,4.5,Active,"Lyft, Inc.",2019-03-29
2136-02-17,Venus,Ketu,Venus,5.2,6.8,5.2,5.68,4.62,Active,"Lyft, Inc.",2019-03-29
2136-03-09,Venus,Ketu,Sun,5.2,6.8,4.8,4.6,5.9,Active,"Lyft, Inc.",2019-03-29
2136-04-12,Venus,Ketu,Moon,5.2,6.8,5.2,4.68,5.62,Active,"Lyft, Inc.",2019-03-29
2136-05-07,Venus,Ketu,Mars,5.2,6.8,5.2,6.18,4.32,Active,"Lyft, Inc.",2019-03-29
2136-07-08,Venus,Ketu,Rahu,5.2,6.8,6.8,6.0,4.5,Active,"Lyft, Inc.",2019-03-29
2136-09-01,Venus,Ketu,Jupiter,5.2,6.8,6.4,5.92,4.38,Active,"Lyft, Inc.",2019-03-29
2136-11-05,Venus,Ketu,Saturn,5.2,6.8,4.8,6.1,4.4,Active,"Lyft, Inc.",2019-03-29
